"","State","year","CLTCB","FFTCB","GETCB","HYTCB","MGTCB","NGTCB","SOTCB","WYTCB","coal.growth","fossil_fuel.growth","geothermal.growth","hydro.growth","motor_gas.growth","natural_gas.growth","solar.growth","wind.growth","GDP","GDP.growth"
"1","AK",1997,11719,693234,51,11224,32916,425394,1,0,1.05,0.99,1,0.86,0.94,0.96,1,0,137143,0
"2","AK",1998,16471,709668,51,11353,35135,434437,0,0,1.41,1.02,1,1.01,1.07,1.02,0,0,37880,0
"3","AK",1999,16394,714792,86,8351,33497,422817,0,0,1,1.01,1.69,0.74,0.95,0.97,0,0,163114,1
"4","AK",2000,16455,729758,86,10220,31143,437972,0,0,1,1.02,1,1.22,0.93,1.04,0,0,79164,0
"5","AK",2001,15911,718377,86,13905,33282,413049,0,10,0.97,0.98,1,1.36,1.07,0.94,0,0,1343127,1
"6","AK",2002,16429,714712,86,14643,30864,420808,0,0,1.03,0.99,1,1.05,0.93,1.02,0,0,175029,0
"7","AK",2003,12552,713898,89,16023,30796,415891,0,0,0.76,1,1.03,1.09,1,0.99,0,0,183342,1
"8","AK",2004,14075,756177,88,15004,36134,407944,0,0,1.12,1.06,0.99,0.94,1.17,0.98,0,0,74610,0
"9","AK",2005,13994,781037,90,14638,35621,434704,0,6,0.99,1.03,1.02,0.98,0.99,1.07,0,0,537176,1
"10","AK",2006,14981,732217,87,12137,35240,375719,0,8,1.07,0.94,0.97,0.83,0.99,0.86,0,1.33,314114,0
"11","AK",2007,13662,708054,87,12762,35707,372186,0,10,0.91,0.97,1,1.05,1.01,0.99,0,1.25,53108,0
"12","AK",2008,14705,635787,130,11547,34385,343938,2,1,1.08,0.9,1.49,0.9,0.96,0.92,0,0.1,35356,0
"13","AK",2009,14505,622050,151,12920,34216,343971,3,69,0.99,0.98,1.16,1.12,1,1,1.5,69,553662,1
"14","AK",2010,14548,634764,153,13982,34922,334978,3,123,1,1.02,1.01,1.08,1.02,0.97,1,1.78,222040,0
"15","AK",2011,15481,635951,214,13066,33667,339819,3,121,1.06,1,1.4,0.93,0.96,1.01,1,0.98,107893,0
"16","AK",2012,15521,629726,186,14988,33725,347228,3,356,1,0.99,0.87,1.15,1,1.02,1,2.94,98817,0
"17","AK",2013,14819,596341,186,13696,32810,332631,3,1386,0.95,0.95,1,0.91,0.97,0.96,1,3.89,139389,1
"18","AK",2014,18225,581901,186,14633,34219,329274,3,1445,1.23,0.98,1,1.07,1.04,0.99,1,1.04,180085,1
"19","AK",2015,19511,598233,186,14621,34843,337112,3,1488,1.07,1.03,1,1,1.02,1.02,1,1.03,41367,0
"20","AL",1997,867264,1730236,17,117660,290444,337453,138,0,0.97,0.98,1.06,1.03,1.01,1,0.95,0,216432,1
"21","AL",1998,856479,1717751,18,107730,299423,341976,134,0,0.99,0.99,1.06,0.92,1.03,1.01,0.97,0,293755,1
"22","AL",1999,866512,1752758,62,79350,300629,349080,127,0,1.01,1.02,3.44,0.74,1,1.02,0.95,0,386554,1
"23","AL",2000,904181,1833286,62,59346,298042,368472,113,0,1.04,1.05,1,0.75,0.99,1.06,0.89,0,203067,0
"24","AL",2001,842337,1722132,65,86346,300939,344004,97,0,0.93,0.94,1.05,1.45,1.01,0.93,0.86,0,78492,0
"25","AL",2002,845999,1799200,67,89775,321036,389965,82,0,1,1.04,1.03,1.04,1.07,1.13,0.85,0,217476,1
"26","AL",2003,873735,1796405,62,128232,308052,360505,68,0,1.03,1,0.93,1.43,0.96,0.92,0.83,0,26682,0
"27","AL",2004,853917,1856239,68,106432,323075,391927,54,0,0.98,1.03,1.1,0.83,1.05,1.09,0.79,0,66393,1
"28","AL",2005,890098,1860797,78,101436,326777,363398,53,0,1.04,1,1.15,0.95,1.01,0.93,0.98,0,84794,1
"29","AL",2006,886678,1900475,85,71930,329447,402044,62,0,1,1.02,1.09,0.71,1.01,1.11,1.17,0,47050,0
"30","AL",2007,888436,1921281,98,40881,331468,430649,63,0,1,1.01,1.15,0.57,1.01,1.07,1.02,0,408007,1
"31","AL",2008,842826,1824747,117,60466,320465,414260,64,0,0.95,0.95,1.19,1.48,0.97,0.96,1.02,0,64422,0
"32","AL",2009,630969,1616408,126,122345,319396,466272,62,0,0.75,0.89,1.08,2.02,1,1.13,0.97,0,915016,1
"33","AL",2010,718684,1785662,138,84919,321259,544405,68,0,1.14,1.1,1.1,0.69,1.01,1.17,1.1,0,301144,0
"34","AL",2011,651032,1783785,135,86313,311099,609288,71,0,0.91,1,0.98,1.02,0.97,1.12,1.04,0,20651,0
"35","AL",2012,547004,1740233,141,70754,307085,677380,77,0,0.84,0.98,1.04,0.82,0.99,1.11,1.08,0,446980,1
"36","AL",2013,565051,1689479,141,123071,309909,625869,98,0,1.03,0.97,1,1.74,1.01,0.92,1.27,0,109918,0
"37","AL",2014,575912,1723014,141,90030,309695,650570,99,0,1.02,1.02,1,0.73,1,1.04,1.01,0,112239,0
"38","AL",2015,494311,1713999,141,91902,323568,696411,101,0,0.86,0.99,1,1.02,1.04,1.07,1.02,0,473943,1
"39","AR",1997,246786,831697,147,35906,173056,264019,1108,0,0.95,0.99,1.07,1.24,1.03,0.96,0.93,0,38989,0
"40","AR",1998,254658,849555,152,31781,173456,272888,1033,0,1.03,1.02,1.03,0.89,1,1.03,0.93,0,131498,1
"41","AR",1999,267022,875812,192,27552,175665,257666,931,0,1.05,1.03,1.26,0.87,1.01,0.94,0.9,0,22910,0
"42","AR",2000,267579,882085,192,24181,173612,256114,795,0,1,1.01,1,0.88,0.99,0.99,0.85,0,202976,1
"43","AR",2001,273982,859692,212,26331,173344,231590,642,0,1.02,0.97,1.1,1.09,1,0.9,0.81,0,816575,1
"44","AR",2002,255242,859994,228,34953,177712,247899,500,0,0.93,1,1.08,1.33,1.03,1.07,0.78,0,75322,0
"45","AR",2003,253653,865888,282,26878,178684,254571,367,0,0.99,1.01,1.24,0.77,1.01,1.03,0.73,0,19545,0
"46","AR",2004,270210,849511,306,36493,180099,217921,239,0,1.07,0.98,1.09,1.36,1.01,0.86,0.65,0,294126,1
"47","AR",2005,247169,822384,349,30822,179318,216600,90,0,0.91,0.97,1.14,0.84,1,0.99,0.38,0,259637,0
"48","AR",2006,256907,856790,401,15380,179401,240885,94,0,1.04,1.04,1.15,0.5,1,1.11,1.04,0,55382,0
"49","AR",2007,275037,864991,482,31992,180228,229610,53,0,1.07,1.01,1.2,2.08,1,0.95,0.56,0,203610,1
"50","AR",2008,278849,873000,572,45923,175075,238424,53,0,1.01,1.01,1.19,1.44,0.97,1.04,1,0,22801,0
"51","AR",2009,264083,848957,702,40921,178837,248100,59,0,0.95,0.97,1.23,0.89,1.02,1.04,1.11,0,141672,1
"52","AR",2010,293689,909803,773,35697,177295,274774,79,0,1.11,1.07,1.1,0.87,0.99,1.11,1.34,0,36889,0
"53","AR",2011,306119,932832,750,28738,170823,288906,84,0,1.04,1.03,0.97,0.81,0.96,1.05,1.06,0,177319,1
"54","AR",2012,296732,918015,808,20921,170787,300572,99,0,0.97,0.98,1.08,0.73,1,1.04,1.18,0,80136,0
"55","AR",2013,327099,938466,808,25329,168064,288045,108,0,1.1,1.02,1,1.21,0.98,0.96,1.09,0,1421713,1
"56","AR",2014,339214,940103,808,25104,173117,273009,110,0,1.04,1,1,0.99,1.03,0.95,1.02,0,192216,0
"57","AR",2015,226889,838827,808,33261,173990,296742,124,0,0.67,0.89,1,1.32,1.01,1.09,1.13,0,189859,0
"58","AZ",1997,369872,938073,238,123060,254929,137588,3792,0,1.08,1.04,1,1.29,0.99,1.1,0.98,0,75778,0
"59","AZ",1998,386770,1016590,238,111863,274627,161086,3713,0,1.05,1.08,1,0.91,1.08,1.17,0.98,0,569488,1
"60","AZ",1999,403262,1066187,286,99794,285955,167770,3573,0,1.04,1.05,1.2,0.89,1.04,1.04,0.96,0,336066,0
"61","AZ",2000,432810,1144386,286,85221,294232,208137,3344,0,1.07,1.07,1,0.85,1.03,1.24,0.94,0,51723,0
"62","AZ",2001,424023,1183282,287,78774,305052,244424,3086,0,0.98,1.03,1,0.92,1.04,1.17,0.92,0,37144,0
"63","AZ",2002,406479,1188639,294,75557,319071,255247,2877,0,0.96,1,1.02,0.96,1.05,1.04,0.93,0,568418,1
"64","AZ",2003,406537,1219677,235,71634,321687,275650,2759,0,1,1.03,0.8,0.95,1.01,1.08,0.96,0,235591,0
"65","AZ",2004,425413,1340408,255,69843,339357,356264,2671,0,1.05,1.1,1.09,0.97,1.05,1.29,0.97,0,108526,0
"66","AZ",2005,428445,1332032,283,64094,350778,329302,2574,0,1.01,0.99,1.11,0.92,1.03,0.92,0.96,0,102346,0
"67","AZ",2006,431985,1380388,287,67379,359773,365230,2660,0,1.01,1.04,1.01,1.05,1.03,1.11,1.03,0,143394,1
"68","AZ",2007,438524,1413021,302,65211,360903,401992,2747,0,1.02,1.02,1.05,0.97,1,1.1,1.03,0,184356,1
"69","AZ",2008,458727,1412471,366,71795,337083,409966,3108,0,1.05,1,1.21,1.1,0.93,1.02,1.13,0,42674,0
"70","AZ",2009,413260,1290735,329,62731,323493,377504,3437,288,0.9,0.91,0.9,0.87,0.96,0.92,1.11,0,224832,1
"71","AZ",2010,457909,1292321,339,64606,320557,336208,4481,1316,1.11,1,1.03,1.03,0.99,0.89,1.3,4.57,305814,1
"72","AZ",2011,459909,1253940,345,89135,314560,293134,7447,2483,1,0.97,1.02,1.38,0.98,0.87,1.66,1.89,392288,1
"73","AZ",2012,420570,1247956,345,63918,311440,339043,17920,5059,0.91,1,1,0.72,0.99,1.16,2.41,2.04,212772,0
"74","AZ",2013,454865,1288993,345,56432,318451,340375,31464,4291,1.08,1.03,1,0.88,1.02,1,1.76,0.85,80537,0
"75","AZ",2014,447849,1255904,345,58185,320503,315916,43533,4452,0.98,0.97,1,1.03,1.01,0.93,1.38,1.04,222481,1
"76","AZ",2015,385822,1258052,345,60906,337673,365536,48215,4213,0.86,1,1,1.05,1.05,1.16,1.11,0.95,27924,0
"77","CA",1997,82651,5563538,132211,419290,1683770,2185029,24968,32037,1.03,1.02,1.02,0.91,1.01,1.08,0.98,1.01,67545,1
"78","CA",1998,66157,5804462,133436,505243,1720653,2418688,24475,28122,0.8,1.04,1.01,1.2,1.02,1.11,0.98,0.88,89089,1
"79","CA",1999,69547,5877136,135325,416573,1760903,2379558,23899,33029,1.05,1.01,1.01,0.82,1.02,0.98,0.98,1.17,50072,0
"80","CA",2000,70012,6103048,127600,391043,1787830,2456438,23044,35887,1.01,1.04,0.94,0.94,1.02,1.03,0.96,1.09,417249,1
"81","CA",2001,67839,6172713,128077,263923,1835227,2513856,22924,36163,0.97,1.01,1,0.67,1.03,1.02,0.99,1.01,63999,0
"82","CA",2002,70010,6098528,135221,316794,1925813,2318656,22376,38684,1.03,0.99,1.06,1.2,1.05,0.92,0.98,1.07,938989,1
"83","CA",2003,69469,5909544,133310,368253,1913014,2317062,21809,39441,0.99,0.97,0.99,1.16,0.99,1,0.97,1.02,315199,0
"84","CA",2004,68909,6204346,133248,341956,1955967,2462247,22157,43128,0.99,1.05,1,0.93,1.02,1.06,1.02,1.09,21676,0
"85","CA",2005,67422,6115996,132375,396279,1982004,2304463,22027,42618,0.98,0.99,0.99,1.16,1.01,0.94,0.99,0.99,466789,1
"86","CA",2006,67017,6232667,129319,476582,1989076,2375929,23218,48433,0.99,1.02,0.98,1.2,1,1.03,1.05,1.14,111739,0
"87","CA",2007,66495,6334957,130592,270107,1962920,2467545,25641,55201,0.99,1.02,1.01,0.57,0.99,1.04,1.1,1.14,118195,1
"88","CA",2008,63050,6098017,129143,237755,1868264,2472612,29733,53063,0.95,0.96,0.99,0.88,0.95,1,1.16,0.96,488899,1
"89","CA",2009,52403,5860272,127461,272187,1819593,2391374,30996,56997,0.83,0.96,0.99,1.14,0.97,0.97,1.04,1.07,40360,0
"90","CA",2010,54972,5741400,124981,326152,1803563,2325411,35587,59303,1.05,0.98,0.98,1.2,0.99,0.97,1.15,1.04,136129,1
"91","CA",2011,55264,5550014,124092,413488,1751897,2196252,41150,75317,1.01,0.97,0.99,1.27,0.97,0.94,1.16,1.27,24204,0
"92","CA",2012,43832,5687073,121269,255384,1731964,2456371,53207,92821,0.79,1.02,0.98,0.62,0.99,1.12,1.29,1.23,213093,1
"93","CA",2013,38151,5746792,119556,226643,1753898,2480792,85073,122335,0.87,1.01,0.99,0.89,1.01,1.01,1.6,1.32,866952,1
"94","CA",2014,39486,5684179,117226,157213,1758393,2409574,156283,123559,1.03,0.99,0.98,0.69,1,0.97,1.84,1.01,80085,0
"95","CA",2015,30967,5774857,112878,128681,1814122,2381665,211763,113967,0.78,1.02,0.96,0.82,1.03,0.99,1.35,0.92,20122,0
"96","CO",1997,362423,1046442,411,20751,228123,318292,230,0,1.03,0.99,1,1.1,1.02,0.99,1.01,0,308784,1
"97","CO",1998,364889,1096798,412,14908,233848,334257,233,0,1.01,1.05,1,0.72,1.03,1.05,1.01,0,275275,0
"98","CO",1999,364236,1108517,562,15978,245370,335458,231,0,1,1.01,1.36,1.07,1.05,1,0.99,0,56244,0
"99","CO",2000,387879,1193543,578,14836,247269,370911,221,0,1.06,1.08,1.03,0.93,1.01,1.11,0.96,0,210292,1
"100","CO",2001,400028,1318361,579,15445,258801,469766,212,503,1.03,1.1,1,1.04,1.05,1.27,0.96,0,23387,0
"101","CO",2002,390480,1283543,582,12299,256123,463532,205,1414,0.98,0.97,1.01,0.8,0.99,0.99,0.97,2.81,146666,1
"102","CO",2003,394163,1288997,538,12780,253429,442361,199,1489,1.01,1,0.92,1.04,0.99,0.95,0.97,1.05,36617,0
"103","CO",2004,390186,1322498,562,11966,264333,446103,193,2205,0.99,1.03,1.04,0.94,1.04,1.01,0.97,1.48,192410,1
"104","CO",2005,386670,1355314,605,14152,266721,483960,206,7762,0.99,1.02,1.08,1.18,1.01,1.08,1.07,3.52,84533,0
"105","CO",2006,394348,1360715,603,17767,268386,465259,232,8585,1.02,1,1,1.26,1.01,0.96,1.13,1.11,1525588,1
"106","CO",2007,388586,1415844,621,17095,269289,519918,308,12765,0.99,1.04,1.03,0.96,1,1.12,1.33,1.49,207243,0
"107","CO",2008,385416,1381399,702,20096,257989,514880,807,31738,0.99,0.98,1.13,1.18,0.96,0.99,2.62,2.49,195476,0
"108","CO",2009,350224,1343445,697,18405,257165,533677,1130,30879,0.91,0.97,0.99,0.92,1,1.04,1.4,0.97,78951,0
"109","CO",2010,382623,1370739,721,15398,259626,510877,1771,33676,1.09,1.02,1.03,0.84,1.01,0.96,1.57,1.09,597492,1
"110","CO",2011,368871,1304864,741,20235,255414,481614,2801,50526,0.96,0.95,1.03,1.31,0.98,0.94,1.58,1.5,359468,0
"111","CO",2012,370085,1282295,759,14247,255062,461056,3828,56798,1,0.98,1.02,0.7,1,0.96,1.37,1.12,52524,0
"112","CO",2013,363532,1301508,759,11572,260889,485106,5205,68731,0.98,1.01,1,0.81,1.02,1.05,1.36,1.21,40719,0
"113","CO",2014,350526,1317806,759,16831,265514,501498,6043,70076,0.96,1.01,1,1.45,1.02,1.03,1.16,1.02,589098,1
"114","CO",2015,340107,1298287,759,15098,272200,496847,6269,69662,0.97,0.99,1,0.9,1.03,0.99,1.04,0.99,243138,0
"115","CT",1997,44982,621331,0,4562,171753,148622,199,0,1.09,1.07,0,0.7,1.01,1.07,1.06,0,110785,0
"116","CT",1998,32569,585058,0,4571,175168,134925,231,0,0.72,0.94,0,1,1.02,0.91,1.16,0,105007,0
"117","CT",1999,15231,613903,5,4315,189141,155902,264,0,0.47,1.05,0,0.94,1.08,1.16,1.14,0,148051,1
"118","CT",2000,36246,629188,5,5369,182138,163717,260,0,2.38,1.02,1,1.24,0.96,1.05,0.98,0,188210,1
"119","CT",2001,39991,608724,5,2959,184767,149350,303,0,1.1,0.97,1,0.55,1.01,0.91,1.17,0,44718,0
"120","CT",2002,34206,598625,5,3409,195079,181671,365,0,0.86,0.98,1,1.15,1.06,1.22,1.2,0,233863,1
"121","CT",2003,41864,633749,7,5715,210709,157310,402,0,1.22,1.06,1.4,1.68,1.08,0.87,1.1,0,322102,1
"122","CT",2004,43997,661553,7,4634,226584,166057,454,0,1.05,1.04,1,0.81,1.08,1.06,1.13,0,413344,1
"123","CT",2005,42023,657592,8,4782,200647,171429,556,0,0.96,0.99,1.14,1.03,0.89,1.03,1.22,0,220566,0
"124","CT",2006,45722,613685,9,5395,195752,175963,654,0,1.09,0.93,1.12,1.13,0.98,1.03,1.18,0,82752,0
"125","CT",2007,39931,601225,11,3590,195406,183604,772,0,0.87,0.98,1.22,0.67,1,1.04,1.18,0,228321,1
"126","CT",2008,45188,555629,14,5481,185744,169802,923,0,1.13,0.92,1.27,1.53,0.95,0.92,1.2,0,28177,0
"127","CT",2009,26265,554500,17,4973,184864,188571,1053,0,0.58,1,1.21,0.91,1,1.11,1.14,0,68999,1
"128","CT",2010,28711,562039,20,3811,181414,203814,1125,0,1.09,1.01,1.18,0.77,0.98,1.08,1.07,0,95801,1
"129","CT",2011,6081,557242,19,5513,176203,236016,1176,0,0.21,0.99,0.95,1.45,0.97,1.16,1.05,0,51534,0
"130","CT",2012,9290,544303,21,2970,172650,236260,1283,0,1.53,0.98,1.11,0.54,0.98,1,1.09,0,431110,1
"131","CT",2013,7679,558637,21,3835,173033,240102,1606,0,0.83,1.03,1,1.29,1,1.02,1.25,0,67614,0
"132","CT",2014,9097,560703,21,4127,170802,242227,2230,0,1.18,1,1,1.08,0.99,1.01,1.39,0,988849,1
"133","CT",2015,6536,582088,21,2819,178264,260931,2948,0,0.72,1.04,1,0.68,1.04,1.08,1.32,0,332374,0
"134","DE",1997,48586,228229,76,0,44784,48141,26,0,0.96,0.92,1.07,0,1.02,0.86,0.96,0,21718,0
"135","DE",1998,45817,220407,79,0,47349,42322,24,0,0.94,0.97,1.04,0,1.06,0.88,0.92,0,476231,1
"136","DE",1999,35915,230227,89,0,48269,58089,23,0,0.78,1.04,1.13,0,1.02,1.37,0.96,0,113580,0
"137","DE",2000,50147,231276,89,0,46919,50181,20,0,1.4,1,1,0,0.97,0.86,0.87,0,120662,1
"138","DE",2001,38335,228775,100,0,48484,51817,17,0,0.76,0.99,1.12,0,1.03,1.03,0.85,0,503011,1
"139","DE",2002,40536,228502,109,0,51822,53782,15,0,1.06,1,1.09,0,1.07,1.04,0.88,0,41651,0
"140","DE",2003,46997,231638,142,0,51479,47978,13,0,1.16,1.01,1.3,0,0.99,0.89,0.87,0,142007,1
"141","DE",2004,53599,230854,154,0,52347,49739,11,0,1.14,1,1.08,0,1.02,1.04,0.85,0,25195,0
"142","DE",2005,56716,240843,176,0,54737,48639,11,0,1.06,1.04,1.14,0,1.05,0.98,1,0,219514,1
"143","DE",2006,56625,224177,204,0,56200,44788,21,0,1,0.93,1.16,0,1.03,0.92,1.91,0,900960,1
"144","DE",2007,63839,233748,247,0,56881,49937,43,0,1.13,1.04,1.21,0,1.01,1.11,2.05,0,83918,0
"145","DE",2008,60891,223597,294,0,54405,49752,49,0,0.95,0.96,1.19,0,0.96,1,1.14,0,21216,0
"146","DE",2009,33938,171701,367,0,53957,51652,83,0,0.56,0.77,1.25,0,0.99,1.04,1.69,0,323570,1
"147","DE",2010,30253,171411,414,0,53903,56087,122,25,0.89,1,1.13,0,1,1.09,1.47,0,295582,0
"148","DE",2011,17881,201514,401,0,51608,81710,371,47,0.59,1.18,0.97,0,0.96,1.46,3.04,1.88,58355,0
"149","DE",2012,17384,221197,430,0,51562,104421,593,35,0.97,1.1,1.07,0,1,1.28,1.6,0.74,218921,1
"150","DE",2013,18254,214149,430,0,51757,100682,1003,43,1.05,0.97,1,0,1,0.96,1.69,1.23,24284,0
"151","DE",2014,10238,213757,430,0,51569,107057,1188,48,0.56,1,1,0,1,1.06,1.18,1.12,148188,1
"152","DE",2015,7149,217320,430,0,56416,107828,1230,48,0.7,1.02,1,0,1.09,1.01,1.04,1,35909,0
"153","FL",1997,751335,2954510,1948,2464,844193,547201,29982,0,1.01,1.01,1.08,1.11,1.02,0.98,0.99,0,202215,1
"154","FL",1998,749474,3118235,2130,2024,882382,529565,29626,0,1,1.06,1.09,0.82,1.05,0.97,0.99,0,85271,0
"155","FL",1999,716280,3139118,2157,1433,904680,583448,28969,0,0.96,1.01,1.01,0.71,1.03,1.1,0.98,0,1638988,1
"156","FL",2000,760439,3245265,2157,885,929843,574460,27909,0,1.06,1.03,1,0.62,1.03,0.98,0.96,0,222942,0
"157","FL",2001,725890,3240134,2444,1526,944062,569757,26770,0,0.95,1,1.13,1.72,1.02,0.99,0.96,0,209329,0
"158","FL",2002,719670,3323077,2663,1873,980096,708638,25656,0,0.99,1.03,1.09,1.23,1.04,1.24,0.96,0,79302,0
"159","FL",2003,723832,3371725,3507,2660,996780,714826,24706,0,1.01,1.01,1.32,1.42,1.02,1.01,0.96,0,623599,1
"160","FL",2004,699055,3552925,3849,2657,1049067,757672,23957,0,0.97,1.05,1.1,1,1.05,1.06,0.97,0,373907,0
"161","FL",2005,672309,3609979,4434,2661,1078493,805446,22915,0,0.96,1.02,1.15,1,1.03,1.06,0.96,0,53710,0
"162","FL",2006,696215,3634166,5034,2018,1090144,917468,22985,0,1.04,1.01,1.14,0.76,1.01,1.14,1,0,45286,0
"163","FL",2007,720824,3606001,5908,1527,1076073,943845,23160,0,1.04,0.99,1.17,0.76,0.99,1.03,1.01,0,611079,1
"164","FL",2008,693161,3384799,6889,2031,1023913,970038,23614,0,0.96,0.94,1.17,1.33,0.95,1.03,1.02,0,251015,0
"165","FL",2009,581517,3244666,8444,2032,1020307,1081725,23269,0,0.84,0.96,1.23,1,1,1.12,0.99,0,116421,0
"166","FL",2010,637416,3491509,9516,1731,997188,1180462,24632,0,1.1,1.08,1.13,0.85,0.98,1.09,1.06,0,107539,0
"167","FL",2011,552730,3357741,9799,1769,973551,1235953,25856,0,0.87,0.96,1.03,1.02,0.98,1.05,1.05,0,143791,1
"168","FL",2012,482984,3327494,10056,1432,970701,1348390,27424,0,0.87,0.99,1.03,0.81,1,1.09,1.06,0,181910,1
"169","FL",2013,505155,3273705,10056,2425,992225,1245287,28434,0,1.05,0.98,1,1.69,1.02,0.92,1.04,0,46618,0
"170","FL",2014,557882,3339170,10056,2010,1003894,1241250,29488,0,1.1,1.02,1,0.83,1.01,1,1.04,0,242282,1
"171","FL",2015,466530,3454643,10056,2277,1056121,1366309,30019,0,0.84,1.03,1,1.13,1.05,1.1,1.02,0,348183,1
"172","GA",1997,767969,2089308,54,43708,529718,381726,186,0,1.06,1,1.06,0.9,1,0.97,1.1,0,420241,1
"173","GA",1998,767394,2108985,56,53376,557275,378565,202,0,1,1.01,1.04,1.22,1.05,0.99,1.09,0,234732,0
"174","GA",1999,782617,2144649,91,28134,573013,347120,216,0,1.02,1.02,1.62,0.53,1.03,0.92,1.07,0,83074,0
"175","GA",2000,819530,2256045,91,25307,579376,421337,224,0,1.05,1.05,1,0.9,1.01,1.21,1.04,0,235057,1
"176","GA",2001,772021,2147460,101,26829,592050,362695,226,0,0.94,0.95,1.11,1.06,1.02,0.86,1.01,0,28830,0
"177","GA",2002,807121,2208549,107,27627,609036,393134,231,0,1.05,1.03,1.06,1.03,1.03,1.08,1.02,0,71571,1
"178","GA",2003,819031,2244135,125,41920,615223,390774,236,0,1.01,1.02,1.17,1.52,1.01,0.99,1.02,0,100143,1
"179","GA",2004,834991,2321866,135,36983,628023,406441,234,0,1.02,1.03,1.08,0.88,1.02,1.04,0.99,0,55125,0
"180","GA",2005,901010,2450179,153,40317,635686,427825,237,0,1.08,1.06,1.13,1.09,1.01,1.05,1.01,0,452735,1
"181","GA",2006,892732,2416683,172,25480,625202,433924,241,0,0.99,0.99,1.12,0.63,0.98,1.01,1.02,0,68793,0
"182","GA",2007,934773,2444383,203,22102,624113,455223,245,0,1.05,1.01,1.18,0.87,1,1.05,1.02,0,1022817,1
"183","GA",2008,885849,2270680,227,21133,591892,436093,264,0,0.95,0.93,1.12,0.96,0.95,0.96,1.08,0,340989,0
"184","GA",2009,723449,2194257,276,31815,599417,475294,293,0,0.82,0.97,1.22,1.51,1.01,1.09,1.11,0,22514,0
"185","GA",2010,767906,2324161,300,32407,591477,541691,383,0,1.06,1.06,1.09,1.02,0.99,1.14,1.31,0,484975,1
"186","GA",2011,634756,2142459,291,26282,565667,532310,524,0,0.83,0.92,0.97,0.81,0.96,0.98,1.37,0,117500,0
"187","GA",2012,435546,1946800,315,21281,560315,625008,729,0,0.69,0.91,1.08,0.81,0.99,1.17,1.39,0,130992,1
"188","GA",2013,426184,1925755,315,35431,581720,635287,1313,0,0.98,0.99,1,1.66,1.04,1.02,1.8,0,514175,1
"189","GA",2014,482657,1981135,315,29142,559062,665455,2393,0,1.13,1.03,1,0.82,0.96,1.05,1.82,0,43476,0
"190","GA",2015,394665,1986190,315,27804,595615,712610,2459,0,0.82,1,1,0.95,1.07,1.07,1.03,0,145153,1
"191","HI",1997,20513,251074,2506,1178,48800,2689,1222,164,1.01,0.97,1,1.09,1,0.95,1.01,0.7,26909,0
"192","HI",1998,18223,251859,2418,1237,48720,2803,1257,197,0.89,1,0.96,1.05,1,1.04,1.03,1.2,221830,1
"193","HI",1999,17691,247681,2162,1175,46672,2886,1280,169,0.97,0.98,0.89,0.95,0.96,1.03,1.02,0.86,930610,1
"194","HI",2000,17653,253044,2681,1055,48435,2975,1282,173,1,1.02,1.24,0.9,1.04,1.03,1,1.02,86850,0
"195","HI",2001,17774,257856,2143,1041,50626,2920,1236,22,1.01,1.02,0.8,0.99,1.05,0.98,0.96,0.13,22326,0
"196","HI",2002,16618,274350,748,967,54292,2898,1240,16,0.93,1.06,0.35,0.93,1.07,0.99,1,0.73,336195,1
"197","HI",2003,18044,287667,1813,916,55134,2861,1259,16,1.09,1.05,2.42,0.95,1.02,0.99,1.02,1,295895,0
"198","HI",2004,17913,300992,2144,941,55863,2907,1273,75,0.99,1.05,1.18,1.03,1.01,1.02,1.01,4.69,58084,0
"199","HI",2005,16506,310623,2224,962,57064,2898,1301,66,0.92,1.03,1.04,1.02,1.02,1,1.02,0.88,225228,1
"200","HI",2006,16102,311836,2114,1191,59866,2914,1380,790,0.98,1,0.95,1.24,1.05,1.01,1.06,11.97,25118,0
"201","HI",2007,17107,320988,2280,913,58497,2956,1516,2354,1.06,1.03,1.08,0.77,0.98,1.01,1.1,2.98,148824,1
"202","HI",2008,18095,257548,2316,831,54722,2817,1790,2365,1.06,0.8,1.02,0.91,0.94,0.95,1.18,1,37102,0
"203","HI",2009,17083,256596,1643,1099,55263,2712,2019,2454,0.94,1,0.71,1.32,1.01,0.96,1.13,1.04,206560,1
"204","HI",2010,17117,259011,1964,687,50743,2732,2291,2547,1,1.01,1.2,0.63,0.92,1.01,1.13,1.04,85283,0
"205","HI",2011,16080,265492,2183,905,56482,2744,2828,3311,0.94,1.03,1.11,1.32,1.11,1,1.23,1.3,1627983,1
"206","HI",2012,16572,256735,2491,1090,53599,2813,4273,3599,1.03,0.97,1.14,1.2,0.95,1.03,1.51,1.09,226211,0
"207","HI",2013,15306,252953,2630,747,54394,2871,6093,4802,0.92,0.99,1.06,0.69,1.01,1.02,1.43,1.33,212395,0
"208","HI",2014,17241,251639,2422,895,54804,2796,7534,5503,1.13,0.99,0.92,1.2,1.01,0.97,1.24,1.15,83072,0
"209","HI",2015,15632,253588,2154,1129,55434,2869,8351,5710,0.91,1.01,0.89,1.26,1.01,1.03,1.11,1.04,645193,1
"210","IA",1997,391698,963289,247,8221,185535,256790,9,1,1.02,0.99,1.1,0.85,0.99,0.94,1,1,378479,0
"211","IA",1998,424859,997571,303,9309,192813,234619,9,1,1.08,1.04,1.23,1.13,1.04,0.91,1,1,53669,0
"212","IA",1999,432009,1036451,315,9670,192843,235085,9,3337,1.02,1.04,1.04,1.04,1,1,1,3337,44073,0
"213","IA",2000,445888,1046226,315,9222,191632,233736,8,5037,1.03,1.01,1,0.95,0.99,0.99,0.89,1.51,610054,1
"214","IA",2001,443921,1020468,338,8733,191706,225233,7,5041,1,0.98,1.07,0.95,1,0.96,0.88,1,245953,0
"215","IA",2002,441534,1034129,369,9628,198039,227137,6,9347,0.99,1.01,1.09,1.1,1.03,1.01,0.86,1.85,114313,0
"216","IA",2003,444587,1018527,497,7985,199011,230851,5,9942,1.01,0.98,1.35,0.83,1,1.02,0.83,1.06,107398,0
"217","IA",2004,443221,1057896,555,9475,205154,227500,4,10516,1,1.04,1.12,1.19,1.03,0.99,0.8,1.06,144407,1
"218","IA",2005,429777,1071089,647,9594,203839,242788,8,16470,0.97,1.01,1.17,1.01,0.99,1.07,2,1.57,184946,1
"219","IA",2006,435187,1080308,708,9020,209869,241316,14,22990,1.01,1.01,1.09,0.94,1.03,0.99,1.75,1.4,47564,0
"220","IA",2007,465167,1152333,785,9512,207492,296207,17,27247,1.07,1.07,1.11,1.05,0.99,1.23,1.21,1.19,251494,1
"221","IA",2008,485218,1209120,874,8071,201356,329030,19,40242,1.04,1.05,1.11,0.85,0.97,1.11,1.12,1.48,352601,1
"222","IA",2009,444574,1148739,1037,9479,201936,317392,32,72424,0.92,0.95,1.19,1.17,1,0.96,1.68,1.8,408463,1
"223","IA",2010,493794,1187433,1170,9250,207224,312941,33,89466,1.11,1.03,1.13,0.98,1.03,0.99,1.03,1.24,235075,0
"224","IA",2011,463138,1155694,1359,8991,207931,309672,34,104050,0.94,0.97,1.16,0.97,1,0.99,1.03,1.16,82326,0
"225","IA",2012,422595,1092661,1281,7291,195020,299315,48,133533,0.91,0.95,0.94,0.81,0.94,0.97,1.41,1.28,233240,1
"226","IA",2013,402402,1129284,1281,7147,198003,335598,88,148538,0.95,1.03,1,0.98,1.02,1.12,1.83,1.11,29269,0
"227","IA",2014,401151,1137943,1281,8356,201107,342558,268,155077,1,1.01,1,1.17,1.02,1.02,3.05,1.04,72624,1
"228","IA",2015,348293,1068909,1281,8948,199946,334778,419,166555,0.87,0.94,1,1.07,0.99,0.98,1.56,1.07,102262,1
"229","ID",1997,6410,223896,522,149882,75418,70801,2,0,0.88,0.99,0.99,1.09,1.02,1.02,1,0,55920,0
"230","ID",1998,8783,233465,555,131904,79708,71912,2,0,1.37,1.04,1.06,0.88,1.06,1.02,1,0,458601,1
"231","ID",1999,7976,246560,1262,138042,82813,73361,2,0,0.91,1.06,2.27,1.05,1.04,1.02,1,0,69448,0
"232","ID",2000,13732,255818,1307,111871,80256,74518,1,0,1.72,1.04,1.04,0.81,0.97,1.02,0.5,0,1056708,1
"233","ID",2001,11395,248794,1520,74637,78723,81804,2,0,0.83,0.97,1.16,0.67,0.98,1.1,2,0,348010,0
"234","ID",2002,10194,243884,1530,89210,80829,73482,3,0,0.89,0.98,1.01,1.2,1.03,0.9,1.5,0,22967,0
"235","ID",2003,10219,222398,1312,84585,76539,71754,3,0,1,0.91,0.86,0.95,0.95,0.98,1,0,477602,1
"236","ID",2004,12336,247182,1397,84752,77854,78273,3,0,1.21,1.11,1.06,1,1.02,1.09,1,0,121910,0
"237","ID",2005,11286,249247,1525,85413,76964,78118,8,0,0.91,1.01,1.09,1.01,0.99,1,2.67,0,128873,1
"238","ID",2006,8212,252733,1510,111513,81399,79041,14,1682,0.73,1.01,0.99,1.31,1.06,1.01,1.75,0,522191,1
"239","ID",2007,10261,256893,1537,89170,83379,83904,17,1703,1.25,1.02,1.02,0.8,1.02,1.06,1.21,1.01,44388,0
"240","ID",2008,8604,251986,2325,92258,80045,90550,20,2044,0.84,0.98,1.51,1.03,0.96,1.08,1.18,1.2,145941,1
"241","ID",2009,8443,240653,2122,101838,80957,87072,23,3059,0.98,0.96,0.91,1.1,1.01,0.96,1.15,1.5,27535,0
"242","ID",2010,8527,250936,2120,89309,83727,85075,29,4300,1.01,1.04,1,0.88,1.03,0.98,1.26,1.41,222160,1
"243","ID",2011,7846,247697,2164,130241,81302,83947,29,12696,0.92,0.99,1.02,1.46,0.97,0.99,1,2.95,954786,1
"244","ID",2012,5186,248054,2213,104109,83835,90339,46,17991,0.66,1,1.02,0.8,1.03,1.08,1.59,1.42,88719,0
"245","ID",2013,7965,271591,1881,80845,85361,107089,63,23472,1.54,1.09,0.85,0.78,1.02,1.19,1.37,1.3,23031,0
"246","ID",2014,7472,260867,2252,85611,86832,93610,64,26683,0.94,0.96,1.2,1.06,1.02,0.87,1.02,1.14,346918,1
"247","ID",2015,4249,284344,2207,81603,89937,107885,81,21156,0.57,1.09,0.98,0.95,1.04,1.15,1.27,0.79,289754,0
"248","IL",1997,974920,3243331,374,992,591082,1099809,137,0,1.06,1,1.07,0.91,1.02,0.96,1.21,0,58120,0
"249","IL",1998,949046,3091514,388,1404,592981,978337,180,0,0.97,0.95,1.04,1.42,1,0.89,1.31,0,227508,1
"250","IL",1999,958832,3246640,439,1453,619355,1026415,209,0,1.01,1.05,1.13,1.03,1.04,1.05,1.16,0,26542,0
"251","IL",2000,1016555,3319569,439,1467,625603,1053319,208,0,1.06,1.02,1,1.01,1.01,1.03,1,0,152630,1
"252","IL",2001,983729,3175628,474,1488,631551,970648,247,0,0.97,0.96,1.08,1.01,1.01,0.92,1.19,0,38605,0
"253","IL",2002,986832,3237119,517,1311,639184,1063528,326,0,1,1.02,1.09,0.88,1.01,1.1,1.32,0,212195,1
"254","IL",2003,1010087,3251729,672,1402,638650,1013464,392,182,1.02,1,1.3,1.07,1,0.95,1.2,0,87979,0
"255","IL",2004,1069538,3312716,730,1538,655085,966552,519,782,1.06,1.02,1.09,1.1,1.03,0.95,1.32,4.3,1669677,1
"256","IL",2005,1047532,3426160,836,1290,647912,984187,669,1411,0.98,1.03,1.15,0.84,0.99,1.02,1.29,1.8,228429,0
"257","IL",2006,1045398,3284570,969,1719,650913,908302,824,2525,1,0.96,1.16,1.33,1,0.92,1.23,1.79,211789,0
"258","IL",2007,1091382,3387641,1173,1519,640646,980075,954,6567,1.04,1.03,1.21,0.88,0.98,1.08,1.16,2.6,85221,0
"259","IL",2008,1103163,3384723,1399,1365,613976,1014508,1053,23029,1.01,1,1.19,0.9,0.96,1.04,1.1,3.51,671816,1
"260","IL",2009,1014972,3173965,1744,1331,602075,968495,1104,27519,0.92,0.94,1.25,0.98,0.98,0.95,1.05,1.19,380923,0
"261","IL",2010,1069037,3225654,1965,1157,592769,974412,1284,43450,1.05,1.02,1.13,0.87,0.98,1.01,1.16,1.58,55358,0
"262","IL",2011,1052224,3211916,1905,1365,565085,997722,1320,60367,0.98,1,0.97,1.18,0.95,1.02,1.03,1.39,45087,0
"263","IL",2012,969294,3044272,2042,1058,554668,950711,1561,73528,0.92,0.95,1.07,0.78,0.98,0.95,1.18,1.22,612721,1
"264","IL",2013,1026925,3264812,2042,1148,557934,1073734,1798,91834,1.06,1.07,1,1.09,1.01,1.13,1.15,1.25,252205,0
"265","IL",2014,1017855,3306550,2042,1258,558899,1119089,1880,95888,0.99,1.01,1,1.1,1,1.04,1.05,1.04,117579,0
"266","IL",2015,850430,3134555,2042,1160,613592,1022199,1932,100154,0.84,0.95,1,0.92,1.1,0.91,1.03,1.04,109000,0
"267","IN",1997,1423469,2802586,856,5736,364151,562765,32,0,1.04,1.01,1.08,1.24,1,0.97,1,0,147894,1
"268","IN",1998,1447976,2792680,934,4881,386602,530637,33,0,1.02,1,1.09,0.85,1.06,0.94,1.03,0,187788,1
"269","IN",1999,1477167,2881002,1029,4162,378215,566981,34,0,1.02,1.03,1.1,0.85,0.98,1.07,1.03,0,48708,0
"270","IN",2000,1595037,3022409,1029,6001,385198,584850,33,0,1.08,1.05,1,1.44,1.02,1.03,0.97,0,259585,1
"271","IN",2001,1569235,2877572,1120,5897,392089,513752,35,0,0.98,0.95,1.09,0.98,1.02,0.88,1.06,0,354450,1
"272","IN",2002,1547530,2939607,1221,4184,387160,543346,38,0,0.99,1.02,1.09,0.71,0.99,1.06,1.09,0,419731,1
"273","IN",2003,1570700,3024153,1605,4293,399819,572890,37,0,1.01,1.03,1.31,1.03,1.03,1.05,0.97,0,240628,0
"274","IN",2004,1614210,3006306,1759,4444,401045,531441,63,0,1.03,0.99,1.1,1.04,1,0.93,1.7,0,83061,0
"275","IN",2005,1594399,2990349,2024,4382,400287,540671,78,0,0.99,0.99,1.15,0.99,1,1.02,1.24,0,235058,1
"276","IN",2006,1587100,2948043,2306,4855,400244,504740,91,0,1,0.99,1.14,1.11,1,0.93,1.17,0,29949,0
"277","IN",2007,1572084,2951834,2718,4447,394925,547583,100,0,0.99,1,1.18,0.92,0.99,1.08,1.1,0,73878,1
"278","IN",2008,1558078,2893709,3180,4304,380127,558591,102,2349,0.99,0.98,1.17,0.97,0.96,1.02,1.02,0,105404,1
"279","IN",2009,1365413,2627541,3912,4914,378092,514548,128,13695,0.88,0.91,1.23,1.14,0.99,0.92,1.25,5.83,57503,0
"280","IN",2010,1449371,2770086,4408,4426,380398,580752,134,28625,1.06,1.05,1.13,0.9,1.01,1.13,1.05,2.09,469048,1
"281","IN",2011,1333442,2712274,4499,3972,363655,638237,166,31921,0.92,0.98,1.02,0.9,0.96,1.1,1.24,1.12,71283,0
"282","IN",2012,1193465,2562300,4647,4125,361038,657719,183,30547,0.9,0.94,1.03,1.04,0.99,1.03,1.1,0.96,1053325,1
"283","IN",2013,1198611,2632662,4647,3692,366243,682842,489,33213,1,1.03,1,0.9,1.01,1.04,2.67,1.09,353393,0
"284","IN",2014,1221492,2708720,4647,3530,365544,726972,1203,33247,1.02,1.03,1,0.96,1,1.06,2.46,1,24182,0
"285","IN",2015,1007472,2521146,4647,3553,379009,738022,1713,42077,0.82,0.93,1,1.01,1.04,1.02,1.42,1.27,488461,1
"286","KS",1997,310907,1025694,194,142,160077,338569,36,0,0.92,0.96,1.11,1.26,0.99,0.94,0.97,0,123221,0
"287","KS",1998,309382,1013120,249,117,166887,325041,34,0,1,0.99,1.28,0.82,1.04,0.96,0.94,0,132346,1
"288","KS",1999,329308,1054191,253,126,174897,302023,32,0,1.06,1.04,1.02,1.08,1.05,0.93,0.94,0,527231,1
"289","KS",2000,362797,1069132,253,156,166297,314868,29,0,1.1,1.01,1,1.24,0.95,1.04,0.91,0,45881,0
"290","KS",2001,354647,1007182,277,264,157967,273862,25,412,0.98,0.94,1.09,1.69,0.95,0.87,0.86,0,149281,1
"291","KS",2002,391664,1062264,302,130,148884,307432,22,4748,1.1,1.05,1.09,0.49,0.94,1.12,0.88,11.52,30448,0
"292","KS",2003,389464,1095135,411,126,170247,284722,18,3705,0.99,1.03,1.36,0.97,1.14,0.93,0.82,0.78,229019,1
"293","KS",2004,385498,1059341,462,126,165471,260117,15,3592,0.99,0.97,1.12,1,0.97,0.91,0.83,0.97,968721,1
"294","KS",2005,379823,980598,541,113,146388,258695,17,4258,0.99,0.93,1.17,0.9,0.88,0.99,1.13,1.19,90119,0
"295","KS",2006,364212,985347,583,96,164052,269274,21,9839,0.96,1,1.08,0.85,1.12,1.04,1.24,2.31,23719,0
"296","KS",2007,396333,1092717,630,104,164850,291695,24,11392,1.09,1.11,1.08,1.08,1,1.08,1.14,1.16,349495,1
"297","KS",2008,371804,1014707,689,104,159954,292523,23,17337,0.94,0.93,1.09,1,0.97,1,0.96,1.52,295688,0
"298","KS",2009,356079,996449,803,125,162048,292425,24,27945,0.96,0.98,1.17,1.2,1.01,1,1.04,1.61,58687,0
"299","KS",2010,359908,997829,906,129,161332,280413,28,33220,1.01,1,1.13,1.03,1,0.96,1.17,1.19,232477,1
"300","KS",2011,346521,970684,1005,143,155470,285318,29,36143,0.96,0.97,1.11,1.11,0.96,1.02,1.04,1.09,26961,0
"301","KS",2012,307585,913401,974,99,155526,268086,39,49439,0.89,0.94,0.97,0.69,1,0.94,1.34,1.37,156970,1
"302","KS",2013,326817,963274,974,139,156283,288274,55,90002,1.06,1.05,1,1.4,1,1.08,1.41,1.82,38262,0
"303","KS",2014,316572,969052,974,154,158703,291483,55,103135,0.97,1.01,1,1.11,1.02,1.01,1,1.15,224650,1
"304","KS",2015,273416,878500,974,177,151929,260066,87,102495,0.86,0.91,1,1.15,0.96,0.89,1.58,0.99,91767,0
"305","KY",1997,977760,1781631,488,34522,261658,239332,4,0,1.03,1.03,1.08,0.95,1.15,0.96,1,0,1745049,1
"306","KY",1998,958990,1752419,552,31774,261909,212108,4,0,0.98,0.98,1.13,0.92,1,0.89,1,0,229800,0
"307","KY",1999,987592,1820983,597,26144,265604,225393,4,0,1.03,1.04,1.08,0.82,1.01,1.06,1,0,214003,0
"308","KY",2000,997621,1827742,597,23713,255026,234181,4,0,1.01,1,1,0.91,0.96,1.04,1,0,86767,0
"309","KY",2001,1013055,1859285,672,39839,267309,216707,4,0,1.02,1.02,1.13,1.68,1.05,0.93,1,0,696876,1
"310","KY",2002,950941,1871804,733,40944,264859,236125,4,0,0.94,1.01,1.09,1.03,0.99,1.09,1,0,391928,0
"311","KY",2003,943652,1820496,971,39974,274207,231486,4,0,0.99,0.97,1.32,0.98,1.04,0.98,1,0,58100,0
"312","KY",2004,961759,1900199,1071,37863,287451,233361,30,0,1.02,1.04,1.1,0.95,1.05,1.01,7.5,0,46401,0
"313","KY",2005,986263,1925961,1238,29609,280167,240869,35,0,1.03,1.01,1.16,0.78,0.97,1.03,1.17,0,621458,1
"314","KY",2006,1023263,1941105,1391,25707,279783,217169,39,0,1.04,1.01,1.12,0.87,1,0.9,1.11,0,260871,0
"315","KY",2007,1020709,1948328,1608,16492,279046,236003,41,0,1,1,1.16,0.64,1,1.09,1.05,0,122580,0
"316","KY",2008,1024816,1905673,1855,18895,266214,233180,48,0,1,0.98,1.15,1.15,0.95,0.99,1.17,0,111492,0
"317","KY",2009,937106,1794419,2258,32380,271830,214279,60,0,0.91,0.94,1.22,1.71,1.02,0.92,1.25,0,151226,1
"318","KY",2010,1009823,1874266,2544,25173,269143,239062,66,0,1.08,1.04,1.13,0.78,0.99,1.12,1.1,0,195646,1
"319","KY",2011,1010623,1846154,2700,28850,259797,229056,85,0,1,0.99,1.06,1.15,0.97,0.96,1.29,0,49825,0
"320","KY",2012,909705,1735173,2712,22475,256209,232702,92,0,0.9,0.94,1,0.78,0.99,1.02,1.08,0,266410,1
"321","KY",2013,914774,1737364,2712,31249,256012,235733,184,0,1.01,1,1,1.39,1,1.01,2,0,362104,1
"322","KY",2014,913452,1755123,2712,29895,253602,262332,187,0,1,1.01,1,0.96,0.99,1.11,1.02,0,427565,1
"323","KY",2015,796484,1661664,2712,31717,262530,274749,197,0,0.87,0.95,1,1.06,1.04,1.05,1.05,0,251512,0
"324","LA",1997,226065,4017871,328,10580,244678,1857072,69,0,1.1,1.04,1.09,1.06,0.92,1.1,0.95,0,86448,0
"325","LA",1998,225283,3760031,386,10838,261299,1679040,71,0,1,0.94,1.18,1.02,1.07,0.9,1.03,0,240041,1
"326","LA",1999,227687,3766800,451,8199,259173,1558295,67,0,1.01,1,1.17,0.76,0.99,0.93,0.94,0,31128,0
"327","LA",2000,253263,4058492,451,5430,284105,1625863,60,0,1.11,1.08,1,0.66,1.1,1.04,0.9,0,78072,1
"328","LA",2001,239990,3562212,502,7566,278853,1347228,57,0,0.95,0.88,1.11,1.39,0.98,0.83,0.95,0,110803,1
"329","LA",2002,232109,3703360,544,9069,286942,1475464,56,0,0.97,1.04,1.08,1.2,1.03,1.1,0.98,0,59667,0
"330","LA",2003,247978,3561398,700,9031,298929,1353179,60,0,1.07,0.96,1.29,1,1.04,0.92,1.07,0,480793,1
"331","LA",2004,256716,3722004,778,11006,289987,1393140,65,0,1.04,1.05,1.11,1.22,0.97,1.03,1.08,0,74311,0
"332","LA",2005,253518,3602529,902,8109,295486,1367497,65,0,0.99,0.97,1.16,0.74,1.02,0.98,1,0,1049993,1
"333","LA",2006,265214,3746719,996,7074,329594,1346690,67,0,1.05,1.04,1.1,0.87,1.12,0.98,1.03,0,361078,0
"334","LA",2007,249800,3819382,1125,8171,298298,1430621,77,0,0.94,1.02,1.13,1.16,0.91,1.06,1.15,0,25689,0
"335","LA",2008,262470,3842130,1279,10488,264136,1369823,79,0,1.05,1.01,1.14,1.28,0.89,0.96,1.03,0,496785,1
"336","LA",2009,252519,3633639,1520,12067,281024,1315265,83,0,0.96,0.95,1.19,1.15,1.06,0.96,1.05,0,125407,0
"337","LA",2010,259750,3974780,1708,10817,278717,1483203,113,0,1.03,1.09,1.12,0.9,0.99,1.13,1.36,0,137886,1
"338","LA",2011,269993,4015488,1891,10144,276240,1536148,164,0,1.04,1.01,1.11,0.94,0.99,1.04,1.45,0,538948,1
"339","LA",2012,238811,3886648,1842,6470,267830,1586440,319,0,0.88,0.97,0.97,0.64,0.97,1.03,1.95,0,47809,0
"340","LA",2013,228055,3794148,1842,9966,277224,1505542,678,0,0.95,0.98,1,1.54,1.04,0.95,2.13,0,154734,1
"341","LA",2014,209973,3798329,1842,10366,272574,1547706,1074,0,0.92,1,1,1.04,0.98,1.03,1.58,0,31244,0
"342","LA",2015,174221,3844022,1842,9310,281141,1589467,1520,0,0.83,1.01,1,0.9,1.03,1.03,1.42,0,236620,1
"343","MA",1997,122896,1259934,162,10537,317658,411555,220,0,1.08,1.07,1.12,0.86,1.02,1.06,0.99,0,976634,1
"344","MA",1998,109862,1222998,215,10500,324810,367109,213,0,0.89,0.97,1.33,1,1.02,0.89,0.97,0,92268,0
"345","MA",1999,113610,1191419,226,9966,330678,361351,203,0,1.03,0.97,1.05,0.95,1.02,0.98,0.95,0,24644,0
"346","MA",2000,114658,1212799,226,10866,339062,357743,187,0,1.01,1.02,1,1.09,1.03,0.99,0.92,0,362386,1
"347","MA",2001,109014,1213976,240,7259,340778,364114,170,0,0.95,1,1.06,0.67,1.01,1.02,0.91,0,300010,0
"348","MA",2002,118358,1235051,261,8902,349691,404597,166,0,1.09,1.02,1.09,1.23,1.03,1.11,0.98,0,58711,0
"349","MA",2003,109373,1255558,356,10886,348460,415303,162,0,0.92,1.02,1.36,1.22,1,1.03,0.98,0,238716,1
"350","MA",2004,105075,1225441,403,9999,354926,383708,189,0,0.96,0.98,1.13,0.92,1.02,0.92,1.17,0,27655,0
"351","MA",2005,119333,1243449,472,10418,353715,386385,204,0,1.14,1.01,1.17,1.04,1,1.01,1.08,0,166286,1
"352","MA",2006,112173,1139143,505,15004,355063,378078,224,0,0.94,0.92,1.07,1.44,1,0.98,1.1,0,39648,0
"353","MA",2007,120168,1187927,540,7882,364185,418922,268,0,1.07,1.04,1.07,0.53,1.03,1.11,1.2,0,232105,1
"354","MA",2008,106897,1145441,585,11389,348671,415260,334,36,0.89,0.96,1.08,1.44,0.96,0.99,1.25,0,96064,0
"355","MA",2009,92056,1073197,677,11723,338978,408519,439,58,0.86,0.94,1.16,1.03,0.97,0.98,1.31,1.61,1832792,1
"356","MA",2010,83850,1107909,764,9720,338216,447429,665,215,0.91,1.03,1.13,0.83,1,1.1,1.51,3.71,229129,0
"357","MA",2011,42963,1073293,962,11161,334563,464018,1028,596,0.51,0.97,1.26,1.15,0.99,1.04,1.55,2.77,227364,0
"358","MA",2012,24036,982320,859,8683,331549,430921,2439,853,0.56,0.92,0.89,0.78,0.99,0.93,2.37,1.43,90878,0
"359","MA",2013,42208,1031088,859,9460,330610,435314,4706,1955,1.76,1.05,1,1.09,1,1.01,1.93,2.29,726845,1
"360","MA",2014,29871,1008902,859,8579,324986,432634,9147,2139,0.71,0.98,1,0.91,0.98,0.99,1.94,1.09,408639,0
"361","MA",2015,24177,1042592,859,7709,335910,457459,12534,2000,0.81,1.03,1,0.9,1.03,1.06,1.37,0.94,61606,0
"362","MD",1997,289686,1018884,100,16222,279493,219192,51,0,0.99,1.02,1.06,0.64,1.03,1.09,1,0,48247,0
"363","MD",1998,303896,1042893,104,17740,284661,195540,49,0,1.05,1.02,1.04,1.09,1.02,0.89,0.96,0,635518,1
"364","MD",1999,305186,1076762,118,14564,296549,203040,46,0,1,1.03,1.13,0.82,1.04,1.04,0.94,0,268914,0
"365","MD",2000,312162,1079014,118,17674,298018,219360,44,0,1.02,1,1,1.21,1,1.08,0.96,0,131746,0
"366","MD",2001,318851,1070902,132,12229,308996,184976,42,0,1.02,0.99,1.12,0.69,1.04,0.84,0.95,0,111419,0
"367","MD",2002,325834,1074775,144,16897,314981,203538,40,0,1.02,1,1.09,1.38,1.02,1.1,0.95,0,155326,1
"368","MD",2003,329590,1105086,187,26801,322107,204511,38,0,1.01,1.03,1.3,1.59,1.02,1,0.95,0,203511,1
"369","MD",2004,327239,1119642,203,25115,330857,201929,63,0,0.99,1.01,1.09,0.94,1.03,0.99,1.66,0,51351,0
"370","MD",2005,329304,1145584,233,17035,335549,212230,68,0,1.01,1.02,1.15,0.68,1.01,1.05,1.08,0,280380,1
"371","MD",2006,324657,1053010,270,20872,340907,189221,74,0,0.99,0.92,1.16,1.23,1.02,0.89,1.09,0,369983,1
"372","MD",2007,327979,1068823,327,16331,341588,208693,80,0,1.01,1.02,1.21,0.78,1,1.1,1.08,0,426182,1
"373","MD",2008,309294,1020565,390,19453,334099,202931,102,0,0.94,0.95,1.19,1.19,0.98,0.97,1.27,0,260777,0
"374","MD",2009,266860,980342,486,18434,352810,203780,134,0,0.86,0.96,1.25,0.95,1.06,1,1.31,0,88142,0
"375","MD",2010,266067,963398,548,16267,324582,217744,209,15,1,0.98,1.13,0.88,0.92,1.07,1.56,0,245100,1
"376","MD",2011,241190,900576,532,24748,319164,199223,536,2630,0.91,0.93,0.97,1.52,0.98,0.91,2.56,175.33,32429,0
"377","MD",2012,192334,856998,570,15764,323479,216678,1380,3061,0.8,0.95,1.07,0.64,1.01,1.09,2.57,1.16,79575,1
"378","MD",2013,183191,846321,570,16477,337928,206238,2229,3069,0.95,0.99,1,1.05,1.04,0.95,1.62,1,122731,1
"379","MD",2014,201220,877472,570,15364,326667,218079,3448,3078,1.1,1.04,1,0.93,0.97,1.06,1.55,1,61244,0
"380","MD",2015,165994,865593,570,15127,341602,226873,4375,4050,0.82,0.99,1,0.98,1.05,1.04,1.27,1.32,485791,1
"381","ME",1997,8966,272037,0,37256,83372,6501,117,0,0.91,1.02,0,0.87,1.07,1.11,1.03,0,79119,0
"382","ME",1998,7294,266396,0,37892,79889,5813,117,0,0.81,0.98,0,1.02,0.96,0.89,1,0,1078573,1
"383","ME",1999,6864,279855,5,38408,84233,6690,117,0,0.94,1.05,0,1.01,1.05,1.15,1,0,375195,0
"384","ME",2000,9980,317588,5,36630,85133,48047,110,0,1.45,1.13,1,0.95,1.01,7.18,0.94,0,25852,0
"385","ME",2001,7875,337142,6,27332,74506,101190,103,0,0.79,1.06,1.2,0.75,0.88,2.11,0.94,0,508865,1
"386","ME",2002,8000,364609,7,28157,87915,126280,96,0,1.02,1.08,1.17,1.03,1.18,1.25,0.93,0,129144,0
"387","ME",2003,7481,346829,9,32123,95061,73523,89,0,0.94,0.95,1.29,1.14,1.08,0.58,0.93,0,150617,1
"388","ME",2004,7336,357353,10,34357,88441,89581,96,0,0.98,1.03,1.11,1.07,0.93,1.22,1.08,0,553326,1
"389","ME",2005,7059,335943,11,40905,90028,64818,97,0,0.96,0.94,1.1,1.19,1.02,0.72,1.01,0,49763,0
"390","ME",2006,6618,309570,13,42435,88228,67557,109,0,0.94,0.92,1.18,1.04,0.98,1.04,1.12,0,156328,1
"391","ME",2007,6583,307484,16,36948,86464,67227,116,979,0.99,0.99,1.23,0.87,0.98,1,1.06,0,32392,0
"392","ME",2008,5908,282683,49,43923,81122,74494,127,1297,0.9,0.92,3.06,1.19,0.94,1.11,1.09,1.32,246938,1
"393","ME",2009,1652,278447,61,41106,81342,73569,127,2915,0.28,0.99,1.24,0.94,1,0.99,1,2.25,1023202,1
"394","ME",2010,2279,277342,70,37174,81963,80988,138,4870,1.38,1,1.15,0.9,1.01,1.1,1.09,1.67,96277,0
"395","ME",2011,1542,268091,68,38660,80947,75061,141,6866,0.68,0.97,0.97,1.04,0.99,0.93,1.02,1.41,25519,0
"396","ME",2012,1299,244861,72,35519,78151,70451,193,8440,0.84,0.91,1.06,0.92,0.97,0.94,1.37,1.23,376770,1
"397","ME",2013,1657,253186,72,33970,89153,65886,266,9996,1.28,1.03,1,0.96,1.14,0.94,1.38,1.18,305266,0
"398","ME",2014,2142,252423,72,34457,93177,62423,270,10436,1.29,1,1,1.01,1.05,0.95,1.02,1.04,59692,0
"399","ME",2015,2588,253292,72,31317,94152,54203,322,12075,1.21,1,1,0.91,1.01,0.87,1.19,1.16,245125,1
"400","MI",1997,781123,2748587,962,17489,586111,1010167,262,0,0.98,0.99,1.08,0.95,1.02,0.97,0.98,0,28433,0
"401","MI",1998,826852,2682230,1044,14246,599271,893988,262,0,1.06,0.98,1.09,0.81,1.02,0.88,1,0,171723,1
"402","MI",1999,832638,2816016,1154,14913,630913,968282,251,0,1.01,1.05,1.11,1.05,1.05,1.08,0.96,0,40767,0
"403","MI",2000,799800,2765145,1154,14564,616085,984345,229,0,0.96,0.98,1,0.98,0.98,1.02,0.91,0,251185,1
"404","MI",2001,789703,2696676,1241,16139,622926,928651,219,3,0.99,0.98,1.08,1.11,1.01,0.94,0.96,0,99144,0
"405","MI",2002,739866,2718364,1352,16981,634414,984715,210,3,0.94,1.01,1.09,1.05,1.02,1.06,0.96,1,1910337,1
"406","MI",2003,747940,2668035,1776,14031,619254,950714,199,27,1.01,0.98,1.31,0.83,0.98,0.97,0.95,9,238417,0
"407","MI",2004,773825,2693277,1945,15420,618748,938628,224,19,1.03,1.01,1.1,1.1,1,0.99,1.13,0.7,231573,0
"408","MI",2005,799463,2707276,2237,14616,621596,927535,274,18,1.03,1.01,1.15,0.95,1,0.99,1.22,0.95,92500,0
"409","MI",2006,773595,2518412,2552,15080,613087,816993,335,22,0.97,0.93,1.14,1.03,0.99,0.88,1.22,1.22,773024,1
"410","MI",2007,801178,2537825,3014,12553,598286,814887,405,27,1.04,1.01,1.18,0.83,0.98,1,1.21,1.23,424964,0
"411","MI",2008,799969,2436176,3530,13445,571087,797534,408,1391,1,0.96,1.17,1.07,0.95,0.98,1.01,51.52,64824,0
"412","MI",2009,735907,2293042,4347,13390,559595,750783,432,2930,0.92,0.94,1.23,1,0.98,0.94,1.06,2.11,51266,0
"413","MI",2010,749285,2305431,4898,12200,550636,758696,465,3515,1.02,1.01,1.13,0.91,0.98,1.01,1.08,1.2,646092,1
"414","MI",2011,691150,2253596,5088,13188,536557,787337,563,4435,0.92,0.98,1.04,1.08,0.97,1.04,1.21,1.26,268886,0
"415","MI",2012,621633,2186277,5193,11484,531880,804084,740,10769,0.9,0.97,1.02,0.87,0.99,1.02,1.31,2.43,135042,0
"416","MI",2013,658172,2307346,5193,13539,552152,831741,766,26711,1.06,1.06,1,1.18,1.04,1.03,1.04,2.48,114578,0
"417","MI",2014,618479,2327171,5193,15216,552139,878128,811,36786,0.94,1.01,1,1.12,1,1.06,1.06,1.38,159800,1
"418","MI",2015,617280,2333121,5193,13971,564363,872198,851,44702,1,1,1,0.92,1.02,0.99,1.05,1.22,215120,1
"419","MN",1997,341636,1317647,201,10567,290761,360439,359,551,0.96,0.98,1.07,0.86,1.02,0.96,0.97,1.07,51381,0
"420","MN",1998,357030,1308404,208,9734,303022,337128,345,1497,1.05,0.99,1.03,0.92,1.04,0.94,0.96,2.72,290581,1
"421","MN",1999,341475,1334525,235,12056,312229,351143,323,4967,0.96,1.02,1.13,1.24,1.03,1.04,0.94,3.32,376358,1
"422","MN",2000,373775,1399806,235,9501,318677,367461,288,7391,1.09,1.05,1,0.79,1.02,1.05,0.89,1.49,431383,1
"423","MN",2001,353305,1351457,250,8593,324498,345002,257,9269,0.95,0.97,1.06,0.9,1.02,0.94,0.89,1.25,267476,0
"424","MN",2002,360822,1387050,272,8231,330916,374184,226,9215,1.02,1.03,1.09,0.96,1.02,1.08,0.88,0.99,89539,0
"425","MN",2003,390691,1436926,354,8248,336313,374231,203,9900,1.08,1.04,1.3,1,1.02,1,0.9,1.07,247860,1
"426","MN",2004,378775,1430093,384,7395,337046,362418,173,8137,0.97,1,1.08,0.9,1,0.97,0.85,0.82,33957,0
"427","MN",2005,379114,1453089,440,7747,336292,372239,142,15823,1,1.02,1.15,1.05,1,1.03,0.82,1.94,81139,1
"428","MN",2006,370814,1410901,510,5671,334466,358211,147,20383,0.98,0.97,1.16,0.73,0.99,0.96,1.04,1.29,133258,1
"429","MN",2007,366208,1442245,617,6462,333152,395714,146,26082,0.99,1.02,1.21,1.14,1,1.1,0.99,1.28,62791,0
"430","MN",2008,359359,1439665,736,7164,322442,435134,189,42910,0.98,1,1.19,1.11,0.97,1.1,1.29,1.65,491152,1
"431","MN",2009,328678,1330347,918,7897,312387,405564,203,49317,0.91,0.92,1.25,1.1,0.97,0.93,1.07,1.15,79596,0
"432","MN",2010,315438,1337300,1035,8199,312738,427198,227,46748,0.96,1.01,1.13,1.04,1,1.05,1.12,0.95,1119304,1
"433","MN",2011,315604,1329542,1003,7250,297682,424978,241,65347,1,0.99,0.97,0.88,0.95,0.99,1.06,1.4,392112,0
"434","MN",2012,257875,1281513,1075,5339,307398,430286,296,77805,0.82,0.96,1.07,0.74,1.03,1.01,1.23,1.19,26666,0
"435","MN",2013,267695,1332764,1075,4877,306603,478634,343,78797,1.04,1.04,1,0.91,1,1.11,1.16,1.01,512223,1
"436","MN",2014,313073,1388411,1075,5216,306790,490179,409,92162,1.17,1.04,1,1.07,1,1.02,1.19,1.17,133649,0
"437","MN",2015,271570,1288135,1075,7912,307942,448565,472,91129,0.87,0.93,1,1.52,1,0.92,1.15,0.99,153771,1
"438","MO",1997,670589,1653923,62,16272,368082,286117,146,0,1.06,1.01,1.07,1.2,1.01,0.96,0.95,0,560689,1
"439","MO",1998,695687,1702874,65,23928,373786,261504,138,0,1.04,1.03,1.05,1.47,1.02,0.91,0.95,0,50380,0
"440","MO",1999,687170,1726845,74,18949,371110,269262,127,0,0.99,1.01,1.14,0.79,0.99,1.03,0.92,0,159689,1
"441","MO",2000,688905,1652686,74,6120,385062,289044,111,0,1,0.96,1,0.32,1.04,1.07,0.87,0,33162,0
"442","MO",2001,716378,1728611,82,11409,378067,288617,94,0,1.04,1.05,1.11,1.86,0.98,1,0.85,0,250834,1
"443","MO",2002,725679,1729447,89,13804,384242,278936,77,0,1.01,1,1.09,1.21,1.02,0.97,0.82,0,1047014,1
"444","MO",2003,795634,1800742,116,6606,399349,266204,61,0,1.1,1.04,1.3,0.48,1.04,0.95,0.79,0,102382,0
"445","MO",2004,807466,1820898,126,14823,400685,269224,46,0,1.01,1.01,1.09,2.24,1,1.01,0.75,0,25835,0
"446","MO",2005,835663,1852077,144,11592,400234,273401,33,0,1.03,1.02,1.14,0.78,1,1.02,0.72,0,396319,1
"447","MO",2006,829054,1824405,167,1976,400143,258004,30,0,0.99,0.99,1.16,0.17,1,0.94,0.91,0,325105,0
"448","MO",2007,802879,1813054,202,11904,401147,277987,34,0,0.97,0.99,1.21,6.02,1,1.08,1.13,0,61219,0
"449","MO",2008,792918,1768269,241,20169,393858,298427,35,2003,0.99,0.98,1.19,1.69,0.98,1.07,1.03,0,250305,1
"450","MO",2009,765617,1679585,301,17731,392361,266721,29,4874,0.97,0.95,1.25,0.88,1,0.89,0.83,2.43,29637,0
"451","MO",2010,801625,1721589,339,15018,389664,282141,35,9029,1.05,1.03,1.13,0.85,0.99,1.06,1.21,1.85,174675,1
"452","MO",2011,825650,1719829,329,11515,374151,275308,48,11448,1.03,1,0.97,0.77,0.96,0.98,1.37,1.27,43455,0
"453","MO",2012,768297,1623544,352,6797,365557,258945,221,11845,0.93,0.94,1.07,0.59,0.98,0.94,4.6,1.03,265798,1
"454","MO",2013,806549,1689462,352,10843,370962,281399,522,11133,1.05,1.04,1,1.6,1.01,1.09,2.36,0.94,101028,0
"455","MO",2014,780707,1696869,352,6632,373727,301543,1189,10757,0.97,1,1,0.61,1.01,1.07,2.28,0.97,1975457,1
"456","MO",2015,696401,1586705,352,14864,377159,270936,1542,9627,0.89,0.94,1,2.24,1.01,0.9,1.3,0.89,243172,0
"457","MS",1997,132171,829735,169,0,184575,264210,10,0,1.03,1.01,1.12,0,1.03,0.95,1.11,0,237280,0
"458","MS",1998,125930,840606,223,0,191433,252445,10,0,0.95,1.01,1.32,0,1.04,0.96,1,0,93801,0
"459","MS",1999,137608,928274,264,0,200292,317777,10,0,1.09,1.1,1.18,0,1.05,1.26,1,0,797997,1
"460","MS",2000,147481,916049,264,0,193925,312078,9,0,1.07,0.99,1,0,0.97,0.98,0.9,0,430438,0
"461","MS",2001,198275,1019600,299,0,190214,340904,9,0,1.34,1.11,1.13,0,0.98,1.09,1,0,66313,0
"462","MS",2002,154339,937857,322,0,198068,354550,9,0,0.78,0.92,1.08,0,1.04,1.04,1,0,54240,0
"463","MS",2003,178949,935258,412,0,201229,275147,9,0,1.16,1,1.28,0,1.02,0.78,1,0,663632,1
"464","MS",2004,184992,956258,466,0,203911,290512,9,0,1.03,1.02,1.13,0,1.01,1.06,1,0,274074,0
"465","MS",2005,176286,943241,545,0,206696,310713,9,0,0.95,0.99,1.17,0,1.01,1.07,1,0,136928,0
"466","MS",2006,190057,975965,581,0,208143,315909,9,0,1.08,1.03,1.07,0,1.01,1.02,1,0,120445,0
"467","MS",2007,185063,1021641,619,0,208951,374990,11,0,0.97,1.05,1.07,0,1,1.19,1.22,0,163941,1
"468","MS",2008,177166,964633,674,0,201814,364237,12,0,0.96,0.94,1.09,0,0.97,0.97,1.09,0,211535,1
"469","MS",2009,141675,913849,763,0,193104,371245,12,0,0.8,0.95,1.13,0,0.96,1.02,1,0,52002,0
"470","MS",2010,148463,999289,855,0,200085,444875,13,0,1.05,1.09,1.12,0,1.04,1.2,1.08,0,296547,1
"471","MS",2011,107546,944914,1074,0,191839,437873,17,0,0.72,0.95,1.26,0,0.96,0.98,1.31,0,382718,1
"472","MS",2012,82456,989574,958,0,197490,499946,17,0,0.77,1.05,0.89,0,1.03,1.14,1,0,423582,1
"473","MS",2013,97767,941875,958,0,196005,426902,34,0,1.19,0.95,1,0,0.99,0.85,2,0,266429,0
"474","MS",2014,116537,983404,958,0,203134,439557,35,0,1.19,1.04,1,0,1.04,1.03,1.03,0,91544,0
"475","MS",2015,71626,1036285,958,0,203428,534052,29,0,0.61,1.05,1,0,1,1.21,0.83,0,250021,1
"476","MT",1997,162568,384909,126,136921,59867,61699,2,0,1.17,1.04,1,0.96,0.98,0.98,1,0,35030,0
"477","MT",1998,186099,407191,126,113370,60473,61398,2,0,1.14,1.06,1,0.83,1.01,1,1,0,83415,1
"478","MT",1999,186770,423719,276,141344,61349,63624,3,0,1,1.04,2.19,1.25,1.01,1.04,1.5,0,138235,1
"479","MT",2000,176779,411968,282,98167,60270,69590,3,0,0.95,0.97,1.02,0.69,0.98,1.09,1,0,63924,0
"480","MT",2001,184401,407460,282,68337,60689,66483,3,0,1.04,0.99,1,0.7,1.01,0.96,1,0,499482,1
"481","MT",2002,166322,399064,282,97324,61858,70992,3,0,0.9,0.98,1,1.42,1.02,1.07,1,0,80852,0
"482","MT",2003,188981,416250,274,88105,61636,70048,4,0,1.14,1.04,0.97,0.91,1,0.99,1.33,0,1145537,1
"483","MT",2004,195620,440391,278,88702,62365,68567,4,0,1.04,1.06,1.01,1.01,1.01,0.98,1,0,413835,0
"484","MT",2005,199495,453599,291,95864,61182,71089,5,0,1.02,1.03,1.05,1.08,0.98,1.04,1.25,0,27771,0
"485","MT",2006,194307,463827,281,100481,62085,75135,15,4324,0.97,1.02,0.97,1.05,1.01,1.06,3,0,511281,1
"486","MT",2007,202480,484233,277,92557,62268,75077,23,4900,1.04,1.04,0.99,0.92,1,1,1.53,1.13,141576,0
"487","MT",2008,203260,473582,265,98536,59594,77645,32,5845,1,0.98,0.96,1.06,0.96,1.03,1.39,1.19,167952,1
"488","MT",2009,172812,432394,275,92778,60414,76635,31,8012,0.85,0.91,1.04,0.94,1.01,0.99,0.97,1.37,563253,1
"489","MT",2010,203339,447222,279,91849,60458,72888,33,9075,1.18,1.03,1.01,0.99,1,0.95,1.06,1.13,51304,0
"490","MT",2011,165687,422594,403,122382,59475,79470,32,12292,0.81,0.94,1.44,1.33,0.98,1.09,0.97,1.35,162660,1
"491","MT",2012,157308,405686,337,107373,60182,75234,85,12007,0.95,0.96,0.84,0.88,1.01,0.95,2.66,0.98,33533,0
"492","MT",2013,166104,422663,337,91959,61474,82298,116,16741,1.06,1.04,1,0.86,1.02,1.09,1.36,1.39,256809,1
"493","MT",2014,175357,424949,337,109201,62134,80063,117,18771,1.06,1.01,1,1.19,1.01,0.97,1.01,1.12,1111803,1
"494","MT",2015,178421,419661,337,92144,64698,74619,85,18309,1.02,0.99,1,0.84,1.04,0.93,0.73,0.98,111133,0
"495","NC",1997,765927,1849484,171,57457,474214,223419,156,0,1.03,1.02,1.07,0.93,1.03,1.01,0.95,0,26008,0
"496","NC",1998,754322,1847308,177,58512,491134,222659,152,0,0.98,1,1.04,1.02,1.04,1,0.97,0,405682,1
"497","NC",1999,742398,1831977,200,37674,507858,224763,142,0,0.98,0.99,1.13,0.64,1.03,1.01,0.93,0,337015,0
"498","NC",2000,786114,1935250,200,32009,510102,240729,127,0,1.06,1.06,1,0.85,1,1.07,0.89,0,62165,0
"499","NC",2001,756311,1874240,225,26821,514713,215600,111,0,0.96,0.97,1.12,0.84,1.01,0.9,0.87,0,253867,1
"500","NC",2002,770928,1892103,245,35525,524447,243144,100,0,1.02,1.01,1.09,1.32,1.02,1.13,0.9,0,33152,0
"501","NC",2003,771618,1899946,319,72910,533922,227387,85,0,1,1,1.3,2.05,1.02,0.94,0.85,0,175332,1
"502","NC",2004,782692,1946711,346,54439,548256,232214,89,0,1.01,1.02,1.08,0.75,1.03,1.02,1.05,0,45735,0
"503","NC",2005,811939,1997622,396,53960,549927,237525,116,0,1.04,1.03,1.14,0.99,1,1.02,1.3,0,272417,1
"504","NC",2006,777871,1927390,459,38079,552532,230169,160,0,0.96,0.96,1.16,0.71,1,0.97,1.38,0,100287,0
"505","NC",2007,827974,1995132,556,29495,556076,244475,176,0,1.06,1.04,1.21,0.77,1.01,1.06,1.1,0,1999340,1
"506","NC",2008,794693,1930539,663,29894,585149,249654,267,0,0.96,0.97,1.19,1.01,1.05,1.02,1.52,0,250252,0
"507","NC",2009,678673,1733522,826,50471,544007,252729,340,0,0.85,0.9,1.25,1.69,0.93,1.01,1.27,0,247248,0
"508","NC",2010,749091,1869752,931,46405,544709,308710,426,0,1.1,1.08,1.13,0.92,1,1.22,1.25,0,96309,0
"509","NC",2011,624783,1704663,903,37828,524680,311189,574,0,0.83,0.91,0.97,0.82,0.96,1.01,1.35,0,799113,1
"510","NC",2012,534713,1654742,967,35475,513984,367948,1954,0,0.86,0.97,1.07,0.94,0.98,1.18,3.4,0,433595,0
"511","NC",2013,493771,1733517,967,65838,523973,445018,4157,0,0.92,1.05,1,1.86,1.02,1.21,2.13,0,67421,0
"512","NC",2014,501592,1765443,967,45230,523421,462289,7895,0,1.02,1.02,1,0.69,1,1.04,1.9,0,55810,0
"513","NC",2015,405525,1713810,967,44191,543073,516019,13869,0,0.81,0.97,1,0.98,1.04,1.12,1.76,0,671051,1
"514","ND",1997,385988,559762,181,33903,44997,59283,1,0,0.96,0.98,1.1,1.04,0.99,1.15,1,0,281626,0
"515","ND",1998,409226,567926,212,23412,45270,51428,1,0,1.06,1.01,1.17,0.69,1.01,0.87,1,0,142475,0
"516","ND",1999,411323,588336,225,26681,45411,58962,1,0,1.01,1.04,1.06,1.14,1,1.15,1,0,126143,0
"517","ND",2000,424563,597570,225,21652,44383,58512,1,0,1.03,1.02,1,0.81,0.98,0.99,1,0,162430,1
"518","ND",2001,420001,614956,250,13764,44202,62583,1,0,0.99,1.03,1.11,0.64,1,1.07,1,0,205120,1
"519","ND",2002,422809,608155,272,16202,44573,66927,1,0,1.01,0.99,1.09,1.18,1.01,1.07,1,0,51683,0
"520","ND",2003,420832,598766,363,17455,45135,61455,1,596,1,0.98,1.33,1.08,1.01,0.92,1,0,297630,1
"521","ND",2004,398381,587994,403,15483,44742,61245,1,2149,0.95,0.98,1.11,0.89,0.99,1,1,3.61,392035,1
"522","ND",2005,431133,617490,467,13417,45307,54960,2,2203,1.08,1.05,1.16,0.87,1.01,0.9,2,1.03,419302,1
"523","ND",2006,414838,601558,519,15087,43891,55683,3,3665,0.96,0.97,1.11,1.12,0.97,1.01,1.5,1.66,267393,0
"524","ND",2007,420719,617800,588,12903,44578,62188,3,6136,1.01,1.03,1.13,0.86,1.02,1.12,1,1.67,93828,0
"525","ND",2008,424615,622446,668,12345,44612,65746,3,16687,1.01,1.01,1.14,0.96,1,1.06,1,2.72,250581,1
"526","ND",2009,423267,603518,804,14398,45476,57565,4,29256,1,0.97,1.2,1.17,1.02,0.88,1.33,1.75,36720,0
"527","ND",2010,409684,622224,906,19923,46939,70046,4,39957,0.97,1.03,1.13,1.38,1.03,1.22,1,1.37,84714,1
"528","ND",2011,394771,652706,1001,25068,49429,77752,4,50869,0.96,1.05,1.1,1.26,1.05,1.11,1,1.27,137385,1
"529","ND",2012,406344,678788,978,23573,52246,77469,6,50192,1.03,1.04,0.98,0.94,1.06,1,1.5,0.99,63814,0
"530","ND",2013,393193,7e+05,978,17674,54319,87224,7,52656,0.97,1.03,1,0.75,1.04,1.13,1.17,1.05,502104,1
"531","ND",2014,399195,725288,978,24073,56640,94352,7,58985,1.02,1.04,1,1.36,1.04,1.08,1,1.12,80984,0
"532","ND",2015,408091,700668,978,19516,56483,103718,7,60627,1.02,0.97,1,0.81,1,1.1,1,1.03,1148293,1
"533","NE",1997,193334,556197,248,17080,103387,132141,15,0,1.08,1.02,1.11,1.03,1.02,0.99,1,0,414323,0
"534","NE",1998,204797,580056,311,17160,105890,131125,15,0,1.06,1.04,1.25,1,1.02,0.99,1,0,28976,0
"535","NE",1999,198490,566299,320,17579,106800,121368,14,0,0.97,0.98,1.03,1.02,1.01,0.93,0.93,0,510613,1
"536","NE",2000,206938,556267,320,15309,106661,127600,14,0,1.04,0.98,1,0.87,1,1.05,1,0,144343,0
"537","NE",2001,226691,566663,353,11616,106325,124057,13,27,1.1,1.02,1.1,0.76,1,0.97,0.93,0,173109,1
"538","NE",2002,217939,561881,378,11165,108629,121175,12,82,0.96,0.99,1.07,0.96,1.02,0.98,0.92,3.04,582088,1
"539","NE",2003,227290,576480,512,9924,107564,119754,12,387,1.04,1.03,1.35,0.89,0.99,0.99,1,4.72,49838,0
"540","NE",2004,223624,573534,575,9145,108390,116045,11,385,0.98,0.99,1.12,0.92,1.01,0.97,0.92,0.99,167649,1
"541","NE",2005,228667,577874,671,8714,104732,120141,15,966,1.02,1.01,1.17,0.95,0.97,1.04,1.36,2.51,34845,0
"542","NE",2006,227444,588021,728,8861,104666,131443,20,2591,0.99,1.02,1.08,1.02,1,1.09,1.33,2.68,254269,1
"543","NE",2007,216872,600014,795,3434,104830,153523,23,2143,0.95,1.02,1.09,0.39,1,1.17,1.15,0.83,1166680,1
"544","NE",2008,234654,627601,876,3414,103633,172886,25,2111,1.08,1.05,1.1,0.99,0.99,1.13,1.09,0.99,117659,0
"545","NE",2009,249593,632343,1021,4233,101360,165436,25,3735,1.06,1.01,1.17,1.24,0.98,0.96,1,1.77,25857,0
"546","NE",2010,254552,666327,1151,12818,103392,169620,28,4114,1.02,1.05,1.13,3.03,1.02,1.03,1.12,1.1,408148,1
"547","NE",2011,285384,690518,1195,15713,100005,173666,30,10210,1.12,1.04,1.04,1.23,0.97,1.02,1.07,2.48,357635,0
"548","NE",2012,272587,668056,1212,11962,100312,161774,33,12215,0.96,0.97,1.01,0.76,1,0.93,1.1,1.2,62160,0
"549","NE",2013,292956,706731,1212,10723,102670,179619,37,17191,1.07,1.06,1,0.9,1.02,1.11,1.12,1.41,255091,1
"550","NE",2014,276544,692723,1212,11010,106932,180097,38,26028,0.94,0.98,1,1.03,1.04,1,1.03,1.51,35019,0
"551","NE",2015,266319,672786,1212,15702,106998,170360,41,29639,0.96,0.97,1,1.43,1,0.95,1.08,1.14,174459,1
"552","NH",1997,44527,225101,0,16561,76484,21249,38,0,1.23,1.07,0,0.83,1.05,1.09,0.97,0,46422,0
"553","NH",1998,38623,226124,0,16282,78674,19338,38,0,0.87,1,0,0.98,1.03,0.91,1,0,262521,1
"554","NH",1999,35408,229675,5,14432,81629,20496,36,0,0.92,1.02,0,0.89,1.04,1.06,0.95,0,100485,0
"555","NH",2000,44033,239474,5,14559,83175,26397,34,0,1.24,1.04,1,1.01,1.02,1.29,0.94,0,1993244,1
"556","NH",2001,40125,231818,6,10236,83955,24848,31,0,0.91,0.97,1.2,0.7,1.01,0.94,0.91,0,252558,0
"557","NH",2002,39845,242705,7,11607,87218,26146,28,0,0.99,1.05,1.17,1.13,1.04,1.05,0.9,0,243856,0
"558","NH",2003,41633,298382,9,13479,87892,56475,25,0,1.04,1.23,1.29,1.16,1.01,2.16,0.89,0,99039,0
"559","NH",2004,43446,312854,10,13179,88803,63924,36,0,1.04,1.05,1.11,0.98,1.01,1.13,1.44,0,764086,1
"560","NH",2005,44169,307662,11,17987,87888,73022,40,0,1.02,0.98,1.1,1.36,0.99,1.14,1.11,0,420483,0
"561","NH",2006,44807,277415,13,15165,89938,64738,46,0,1.01,0.9,1.18,0.84,1.02,0.89,1.15,0,67721,0
"562","NH",2007,44899,275042,16,12506,91287,64866,52,0,1,0.99,1.23,0.82,1.01,1,1.13,0,56296,0
"563","NH",2008,40241,275624,20,16094,89194,74025,60,102,0.9,1,1.25,1.29,0.98,1.14,1.15,0,655275,1
"564","NH",2009,32844,249365,25,16402,87723,62049,68,610,0.82,0.9,1.25,1.02,0.98,0.84,1.13,5.98,279574,0
"565","NH",2010,33827,242469,28,14415,86920,62612,83,738,1.03,0.97,1.12,0.88,0.99,1.01,1.22,1.21,140017,0
"566","NH",2011,24489,242832,27,15592,84503,72778,95,642,0.72,1,0.96,1.08,0.97,1.16,1.14,0.87,129313,0
"567","NH",2012,14191,224398,29,11869,83427,74336,125,1986,0.58,0.92,1.07,0.76,0.99,1.02,1.32,3.09,162481,1
"568","NH",2013,16778,214890,29,13617,84835,55649,169,3713,1.18,0.96,1,1.15,1.02,0.75,1.35,1.87,206601,1
"569","NH",2014,14867,225105,29,13137,84624,58785,205,3914,0.89,1.05,1,0.96,1,1.06,1.21,1.05,51236,0
"570","NH",2015,10989,231781,29,11837,85990,70768,292,3947,0.74,1.03,1,0.9,1.02,1.2,1.42,1.01,300601,1
"571","NJ",1997,99889,1970902,87,188,463354,742031,585,0,1.15,1.02,1.07,0.95,1.03,1.02,1.02,0,392817,1
"572","NJ",1998,86235,1897612,90,211,478392,705462,629,0,0.86,0.96,1.03,1.12,1.03,0.95,1.08,0,396515,0
"573","NJ",1999,88984,1988140,102,177,478467,743561,648,0,1.03,1.05,1.13,0.84,1,1.05,1.03,0,268824,0
"574","NJ",2000,114734,1924730,102,143,493920,626484,639,0,1.29,0.97,1,0.81,1.03,0.84,0.99,0,97655,0
"575","NJ",2001,112207,1880506,108,186,490874,585826,664,0,0.98,0.98,1.06,1.3,0.99,0.94,1.04,0,255426,1
"576","NJ",2002,104849,1902698,118,122,501971,620750,948,0,0.93,1.01,1.09,0.66,1.02,1.06,1.43,0,36749,0
"577","NJ",2003,106857,1889588,153,394,511597,636180,1199,0,1.02,0.99,1.3,3.23,1.02,1.02,1.26,0,85813,1
"578","NJ",2004,112707,1922599,167,376,539770,645017,1404,0,1.05,1.02,1.09,0.95,1.06,1.01,1.17,0,130787,1
"579","NJ",2005,125332,1977285,191,311,536172,625881,1617,0,1.11,1.03,1.14,0.83,0.99,0.97,1.15,0,62956,0
"580","NJ",2006,116093,1858689,221,351,537683,566905,1907,159,0.93,0.94,1.16,1.13,1,0.91,1.18,0,503365,1
"581","NJ",2007,111799,1995263,268,207,546811,640629,2214,202,0.96,1.07,1.21,0.59,1.02,1.13,1.16,1.27,82853,0
"582","NJ",2008,97671,1950974,319,254,531585,635200,2592,206,0.87,0.98,1.19,1.23,0.97,0.99,1.17,1.02,1124539,1
"583","NJ",2009,59563,1730521,398,313,514758,638792,3278,204,0.61,0.89,1.25,1.23,0.97,1.01,1.26,0.99,424200,0
"584","NJ",2010,71961,1772737,448,177,507666,671474,4771,123,1.21,1.02,1.13,0.57,0.99,1.05,1.46,0.6,31812,0
"585","NJ",2011,49592,1794174,435,237,497144,677923,7591,102,0.69,1.01,0.97,1.34,0.98,1.01,1.59,0.83,501477,1
"586","NJ",2012,25589,1647015,466,102,485334,670970,13682,110,0.52,0.92,1.07,0.43,0.98,0.99,1.8,1.08,146936,0
"587","NJ",2013,25910,1703774,466,174,486799,712265,16789,104,1.01,1.03,1,1.71,1,1.06,1.23,0.95,182813,1
"588","NJ",2014,30731,1804296,466,164,489414,805697,19662,217,1.19,1.06,1,0.94,1.01,1.13,1.17,2.09,591039,1
"589","NJ",2015,22925,1781715,466,89,490532,779316,20958,201,0.75,0.99,1,0.54,1,0.97,1.07,0.93,48262,0
"590","NM",1997,288506,767980,176,2643,112149,261881,542,0,1.03,1.07,1.09,1.21,1.06,1.12,0.94,0,166820,1
"591","NM",1998,290367,760775,184,2411,114304,241406,519,0,1.01,0.99,1.05,0.91,1.02,0.92,0.96,0,36373,0
"592","NM",1999,298105,768657,644,2482,115670,231312,487,0,1.03,1.01,3.5,1.03,1.01,0.96,0.94,0,255826,1
"593","NM",2000,305513,796216,688,2256,110783,259018,430,0,1.02,1.04,1.07,0.91,0.96,1.12,0.88,0,1173697,1
"594","NM",2001,297096,795336,738,2452,112907,259626,371,0,0.97,1,1.07,1.09,1.02,1,0.86,0,115509,0
"595","NM",2002,284132,757243,748,2692,116501,229691,327,0,0.96,0.95,1.01,1.1,1.03,0.88,0.88,0,26067,0
"596","NM",2003,305641,779479,563,1728,117945,225220,286,1850,1.08,1.03,0.75,0.64,1.01,0.98,0.87,0,407227,1
"597","NM",2004,309418,794602,618,1392,120916,229164,239,5143,1.01,1.02,1.1,0.81,1.03,1.02,0.84,2.78,360521,0
"598","NM",2005,317916,798068,690,1650,119625,225352,177,7946,1.03,1,1.12,1.19,0.99,0.98,0.74,1.55,63821,0
"599","NM",2006,316221,812327,697,1966,121159,227661,174,12453,0.99,1.02,1.01,1.19,1.01,1.01,0.98,1.57,251711,1
"600","NM",2007,296067,814526,732,2649,118232,239858,165,13771,0.94,1,1.05,1.35,0.98,1.05,0.95,1.11,37776,0
"601","NM",2008,284346,779600,348,3077,113514,252831,185,16188,0.96,0.96,0.48,1.16,0.96,1.05,1.12,1.18,168315,1
"602","NM",2009,306162,781685,317,2645,117743,247947,208,15096,1.08,1,0.91,0.86,1.04,0.98,1.12,0.93,50463,0
"603","NM",2010,267474,737525,324,2117,110323,246201,380,17875,0.87,0.94,1.02,0.8,0.94,0.99,1.83,1.18,242509,1
"604","NM",2011,284737,767991,442,1892,114136,251838,1701,20447,1.06,1.04,1.36,0.89,1.03,1.02,4.48,1.14,98020,0
"605","NM",2012,263439,745292,368,2120,114589,249815,3855,21181,0.93,0.97,0.83,1.12,1,0.99,2.27,1.04,1912115,1
"606","NM",2013,256377,741452,368,876,113349,252867,4721,20927,0.97,0.99,1,0.41,0.99,1.01,1.22,0.99,247270,0
"607","NM",2014,215348,711404,451,936,115262,256056,6232,21633,0.84,0.96,1.23,1.07,1.02,1.01,1.32,1.03,233562,0
"608","NM",2015,215703,713851,458,927,117832,260040,7256,19477,1,1,1.02,0.99,1.02,1.02,1.16,0.9,98415,0
"609","NV",1997,166666,516624,17112,26421,104052,135497,258,0,0.98,0.99,1.01,1.18,1.05,1.07,1.15,0,721755,1
"610","NV",1998,184243,559762,16523,32287,115094,154656,339,0,1.11,1.08,0.97,1.22,1.11,1.14,1.31,0,404575,0
"611","NV",1999,181616,566877,15550,28916,112515,159981,431,0,0.99,1.01,0.94,0.9,0.98,1.03,1.27,0,65382,0
"612","NV",2000,199339,627032,15106,24783,115035,194126,477,0,1.1,1.11,0.97,0.86,1.02,1.21,1.11,0,53882,0
"613","NV",2001,188572,617663,13566,25974,119280,181256,538,0,0.95,0.99,0.9,1.05,1.04,0.93,1.13,0,638032,1
"614","NV",2002,164775,580595,12646,23068,122885,181010,573,0,0.87,0.94,0.93,0.89,1.03,1,1.07,0,262068,0
"615","NV",2003,182553,613060,11926,17787,129362,191050,590,0,1.11,1.06,0.94,0.77,1.05,1.06,1.03,0,137069,0
"616","NV",2004,193634,675588,14183,16177,135485,221648,606,0,1.06,1.1,1.19,0.91,1.05,1.16,1.03,0,123986,0
"617","NV",2005,197799,709629,13910,17022,141058,236007,705,0,1.02,1.05,0.98,1.05,1.04,1.06,1.16,0,156319,1
"618","NV",2006,84225,633243,14606,20410,146580,257595,799,0,0.43,0.89,1.05,1.2,1.04,1.09,1.13,0,210879,1
"619","NV",2007,82871,631713,13682,19800,146477,262547,1473,0,0.98,1,0.94,0.97,1,1.02,1.84,0,50405,0
"620","NV",2008,88619,623335,14997,17251,139566,274915,2638,0,1.07,0.99,1.1,0.87,0.95,1.05,1.79,0,300929,1
"621","NV",2009,83812,605886,17323,24015,135036,284007,2826,0,0.95,0.97,1.16,1.39,0.97,1.03,1.07,0,385698,1
"622","NV",2010,80228,577313,21631,21047,132450,267808,3361,0,0.96,0.95,1.25,0.88,0.98,0.94,1.19,0,363146,0
"623","NV",2011,62701,529467,22419,21284,129685,255970,4234,0,0.78,0.92,1.04,1.01,0.98,0.96,1.26,0,258166,0
"624","NV",2012,52850,548401,23886,23223,129066,281432,6053,1226,0.84,1.04,1.07,1.09,1,1.1,1.43,0,93669,0
"625","NV",2013,64838,569582,27022,25588,132038,282245,8783,2390,1.23,1.04,1.13,1.1,1.02,1,1.45,1.95,250436,1
"626","NV",2014,79230,570148,27499,22719,132386,261902,11639,2854,1.22,1,1.02,0.89,1,0.93,1.33,1.19,36079,0
"627","NV",2015,36635,569712,30535,21099,138567,312572,18212,2886,0.46,1,1.11,0.93,1.05,1.19,1.56,1.01,86961,1
"628","NY",1997,325232,3146766,236,312702,682765,1358091,538,0,1.04,1.03,1.11,1.04,1,1.1,1.05,0,120202,1
"629","NY",1998,337438,3104158,296,298933,685611,1267065,553,0,1.04,0.99,1.25,0.96,1,0.93,1.03,0,62205,0
"630","NY",1999,317998,3150303,310,253117,696565,1308656,558,0,0.94,1.01,1.05,0.85,1.02,1.03,1.01,0,482143,1
"631","NY",2000,330844,3216316,310,254103,692579,1279693,552,106,1.04,1.02,1,1,0.99,0.98,0.99,0,82838,0
"632","NY",2001,306993,3139504,328,238527,697236,1205883,555,212,0.93,0.98,1.06,0.94,1.01,0.94,1.01,2,1148407,1
"633","NY",2002,280584,3069756,358,254812,712154,1227224,569,830,0.91,0.98,1.09,1.07,1.02,1.02,1.03,3.92,407846,0
"634","NY",2003,286179,3178478,481,245720,718067,1131362,584,417,1.02,1.04,1.34,0.96,1.01,0.92,1.03,0.5,32489,0
"635","NY",2004,276470,3227652,538,240280,714569,1126605,679,1166,0.97,1.02,1.12,0.98,1,1,1.16,2.8,479526,1
"636","NY",2005,256879,3172408,627,257799,713970,1107220,847,1030,0.93,0.98,1.17,1.07,1,0.98,1.25,0.88,143648,0
"637","NY",2006,256345,2934346,678,271232,726842,1120200,1022,6501,1,0.92,1.08,1.05,1.02,1.01,1.21,6.31,181022,1
"638","NY",2007,258450,3037525,739,249596,717269,1214362,1157,8238,1.01,1.04,1.09,0.92,0.99,1.08,1.13,1.27,573964,1
"639","NY",2008,228985,2917269,812,263330,697675,1205144,1344,12324,0.89,0.96,1.1,1.06,0.97,0.99,1.16,1.5,47709,0
"640","NY",2009,155965,2711932,950,269523,693332,1166620,1469,22119,0.68,0.93,1.17,1.02,0.99,0.97,1.09,1.79,160439,1
"641","NY",2010,167094,2733225,1070,248502,701207,1224485,1720,25328,1.07,1.01,1.13,0.92,1.01,1.05,1.17,1.15,36687,0
"642","NY",2011,125181,2620721,1283,272019,662481,1247757,2101,27478,0.75,0.96,1.2,1.09,0.94,1.02,1.22,1.08,246541,1
"643","NY",2012,72914,2593298,1185,234593,647566,1260950,3183,28468,0.58,0.99,0.92,0.86,0.98,1.01,1.51,1.04,1166516,1
"644","NY",2013,68707,2629168,1185,238270,645207,1315282,3872,33770,0.94,1.01,1,1.02,1,1.04,1.22,1.19,113194,0
"645","NY",2014,64655,2753955,1185,248086,667631,1392378,5283,37740,0.94,1.05,1,1.04,1.03,1.06,1.36,1.12,25527,0
"646","NY",2015,41241,2739962,1185,242429,658099,1397415,7723,37061,0.64,0.99,1,0.98,0.99,1,1.46,0.98,407302,1
"647","OH",1997,1407234,3558952,642,5182,617122,938245,54,0,0.97,0.99,1.08,1.26,1.03,0.97,1.46,0,348465,0
"648","OH",1998,1450165,3494657,712,4144,625447,843871,85,0,1.03,0.98,1.11,0.8,1.01,0.9,1.57,0,63866,0
"649","OH",1999,1382205,3525279,778,4326,630260,873157,99,0,0.95,1.01,1.09,1.04,1.01,1.03,1.16,0,244995,1
"650","OH",2000,1428454,3608966,778,5948,632443,928425,100,0,1.03,1.02,1,1.37,1,1.06,1.01,0,37129,0
"651","OH",2001,1362828,3459559,840,5278,633241,838022,100,0,0.95,0.96,1.08,0.89,1,0.9,1,0,171861,1
"652","OH",2002,1396899,3532620,915,4968,643377,862535,119,0,1.03,1.02,1.09,0.94,1.02,1.03,1.19,0,49671,0
"653","OH",2003,1443498,3627474,1207,5172,646640,878930,130,0,1.03,1.03,1.32,1.04,1.01,1.02,1.09,0,243101,1
"654","OH",2004,1391290,3558113,1328,7310,647614,862912,148,0,0.96,0.98,1.1,1.41,1,0.98,1.14,0,101309,0
"655","OH",2005,1481045,3623658,1531,5157,648181,861477,160,133,1.06,1.02,1.15,0.71,1,1,1.08,0,1936487,1
"656","OH",2006,1450797,3512572,1732,6268,645573,771312,169,143,0.98,0.97,1.13,1.22,1,0.9,1.06,1.08,248667,0
"657","OH",2007,1463773,3585585,2022,4057,639772,836185,175,146,1.01,1.02,1.17,0.65,0.99,1.08,1.04,1.02,232357,0
"658","OH",2008,1438432,3496915,2350,3808,623121,823936,201,149,0.98,0.98,1.16,0.94,0.97,0.99,1.15,1.02,101689,0
"659","OH",2009,1267267,3166937,2875,5151,614827,771303,249,138,0.88,0.91,1.22,1.35,0.99,0.94,1.24,0.93,727658,1
"660","OH",2010,1355137,3304201,3241,4186,614058,810958,435,123,1.07,1.04,1.13,0.81,1,1.05,1.75,0.89,408248,0
"661","OH",2011,1222606,3188232,3372,3728,596146,849076,556,1928,0.9,0.96,1.04,0.89,0.97,1.05,1.28,15.67,67403,0
"662","OH",2012,1019140,2984056,3435,3941,593723,869934,1148,9378,0.83,0.94,1.02,1.06,1,1.02,2.06,4.86,54389,0
"663","OH",2013,1104486,3162509,3435,5240,600700,946162,1347,10933,1.08,1.06,1,1.33,1.01,1.09,1.17,1.17,645983,1
"664","OH",2014,1057377,3227586,3435,4546,599994,1059480,1564,10969,0.96,1.02,1,0.87,1,1.12,1.16,1,279068,0
"665","OH",2015,865714,3029599,3435,4256,612756,1034495,1677,11211,0.82,0.94,1,0.94,1.02,0.98,1.07,1.02,139979,0
"666","OK",1997,392437,1424464,2,29834,222522,573479,79,0,1.05,1,2,1.34,0.97,0.98,0.95,0,126485,0
"667","OK",1998,370064,1420359,2,35779,226068,583964,79,0,0.94,1,1,1.2,1.02,1.02,1,0,163417,1
"668","OK",1999,360598,1404456,2,32472,227137,550768,73,0,0.97,0.99,1,0.91,1,0.94,0.92,0,220884,1
"669","OK",2000,381089,1440319,2,23227,220684,546706,63,0,1.06,1.03,1,0.72,0.97,0.99,0.86,0,50921,0
"670","OK",2001,376112,1463823,5,24228,224343,505220,53,0,0.99,1.02,2.5,1.04,1.02,0.92,0.84,0,310702,1
"671","OK",2002,391379,1464155,6,20222,220030,522530,44,0,1.04,1,1.2,0.83,0.98,1.03,0.83,0,399239,1
"672","OK",2003,393790,1496091,8,18209,225609,556306,35,552,1.01,1.02,1.33,0.9,1.03,1.06,0.8,0,382885,0
"673","OK",2004,372093,1455006,8,29814,235801,555273,27,5737,0.94,0.97,1,1.64,1.05,1,0.77,10.39,266346,0
"674","OK",2005,397379,1556469,10,26301,234689,600011,21,8477,1.07,1.07,1.25,0.88,1,1.08,0.78,1.48,94124,0
"675","OK",2006,384418,1614136,11,6185,226715,644381,20,16986,0.97,1.04,1.1,0.24,0.97,1.07,0.95,2,253059,1
"676","OK",2007,373217,1614841,14,30303,233960,677472,22,18277,0.97,1,1.27,4.9,1.03,1.05,1.1,1.08,37380,0
"677","OK",2008,391688,1644119,17,37556,228249,711379,24,23237,1.05,1.02,1.21,1.24,0.98,1.05,1.09,1.27,90713,1
"678","OK",2009,373271,1561134,21,34673,224435,681062,25,26334,0.95,0.95,1.24,0.92,0.98,0.96,1.04,1.13,120537,1
"679","OK",2010,346047,1571953,23,27403,232400,697351,26,37152,0.93,1.01,1.1,0.79,1.04,1.02,1.04,1.41,63721,0
"680","OK",2011,378320,1576787,23,14641,218048,676910,31,54461,1.09,1,1,0.53,0.94,0.97,1.19,1.47,484410,1
"681","OK",2012,327089,1567050,24,10901,228871,712411,36,77628,0.86,0.99,1.04,0.74,1.05,1.05,1.16,1.43,83203,0
"682","OK",2013,335925,1536950,24,20781,224931,682277,48,106501,1.03,0.98,1,1.91,0.98,0.96,1.33,1.37,1188749,1
"683","OK",2014,336080,1545525,24,13585,239013,667360,49,113519,1,1.01,1,0.65,1.06,0.98,1.02,1.07,412377,0
"684","OK",2015,280748,1526722,24,24825,234909,712376,71,130754,0.84,0.99,1,1.83,0.98,1.07,1.45,1.15,35200,0
"685","OR",1997,16363,568698,435,476985,175195,193773,601,0,0.81,1,1.01,1.03,0.95,1.03,1.05,0,492419,1
"686","OR",1998,36133,661220,499,406882,189618,239271,622,199,2.21,1.16,1.15,0.85,1.08,1.23,1.03,0,144003,0
"687","OR",1999,38604,679626,693,466705,190335,246999,647,867,1.07,1.03,1.39,1.15,1,1.03,1.04,4.36,190371,1
"688","OR",2000,38700,648953,763,388818,187647,230965,633,680,1,0.95,1.1,0.83,0.99,0.94,0.98,0.78,589684,1
"689","OR",2001,43365,631983,861,295984,188525,235636,655,915,1.12,0.97,1.13,0.76,1,1.02,1.03,1.35,48803,0
"690","OR",2002,37751,611330,886,350085,192275,206813,661,3827,0.87,0.97,1.03,1.18,1.02,0.88,1.01,4.18,162840,1
"691","OR",2003,44884,618274,901,336660,190051,215107,677,4492,1.19,1.01,1.02,0.96,0.99,1.04,1.02,1.17,37228,0
"692","OR",2004,36460,643204,930,331337,191492,238052,681,6200,0.81,1.04,1.03,0.98,1.01,1.11,1.01,1.38,250261,1
"693","OR",2005,35624,650003,997,309453,194862,239539,744,7342,0.98,1.01,1.07,0.93,1.02,1.01,1.09,1.18,1197006,1
"694","OR",2006,26895,638117,994,375437,197028,229731,877,9237,0.75,0.98,1,1.21,1.01,0.96,1.18,1.26,115177,0
"695","OR",2007,45461,680909,1012,331978,194913,260240,1058,12325,1.69,1.07,1.02,0.88,0.99,1.13,1.21,1.33,26398,0
"696","OR",2008,41408,672998,1005,333115,186635,274659,1245,25376,0.91,0.99,0.99,1,0.96,1.06,1.18,2.06,416903,1
"697","OR",2009,33150,638287,1061,322407,188235,254837,1383,33864,0.8,0.95,1.06,0.97,1.01,0.93,1.11,1.33,355228,0
"698","OR",2010,42556,628361,1114,297970,185464,242914,1554,38244,1.28,0.98,1.05,0.92,0.99,0.95,1.12,1.13,65581,0
"699","OR",2011,35135,572420,1286,411131,178938,203607,1673,46398,0.83,0.91,1.15,1.38,0.96,0.84,1.08,1.21,251086,1
"700","OR",2012,28259,575003,1476,375027,174716,220578,1918,60365,0.8,1,1.15,0.91,0.98,1.08,1.15,1.3,36469,0
"701","OR",2013,38900,608166,2803,315785,177372,244265,2144,71135,1.38,1.06,1.9,0.84,1.02,1.11,1.12,1.18,173760,1
"702","OR",2014,34238,589307,2977,335341,179490,226472,2310,71852,0.88,0.97,1.06,1.06,1.01,0.93,1.08,1.01,51004,0
"703","OR",2015,26515,597238,2898,291255,186579,244783,2424,61799,0.77,1.01,0.97,0.87,1.04,1.08,1.05,0.86,247414,1
"704","PA",1997,1569642,3614027,415,22970,598575,730778,509,0,1.02,1,1.09,0.74,1.01,0.95,0.99,0,103312,0
"705","PA",1998,1466042,3482971,477,24283,609463,667233,490,0,0.93,0.96,1.15,1.06,1.02,0.91,0.96,0,1962926,1
"706","PA",1999,1414957,3473079,511,19906,612111,713570,467,0,0.97,1,1.07,0.82,1,1.07,0.95,0,252256,0
"707","PA",2000,1508091,3644660,511,23363,615427,727484,437,100,1.07,1.05,1,1.17,1.01,1.02,0.94,0,228454,0
"708","PA",2001,1392203,3494346,544,17049,628066,669073,408,115,0.92,0.96,1.06,0.73,1.02,0.92,0.93,1.15,103539,0
"709","PA",2002,1457349,3563086,593,22488,640176,700579,397,588,1.05,1.02,1.09,1.32,1.02,1.05,0.97,5.11,723317,1
"710","PA",2003,1461986,3627653,788,33881,637757,717593,366,1129,1,1.02,1.33,1.51,1,1.02,0.92,1.92,413457,0
"711","PA",2004,1474310,3673927,872,31604,647358,723325,403,3068,1.01,1.01,1.11,0.93,1.02,1.01,1.1,2.72,67971,0
"712","PA",2005,1490836,3710001,1009,22320,643553,719255,429,2842,1.01,1.01,1.16,0.71,0.99,0.99,1.06,0.93,54288,0
"713","PA",2006,1499292,3615893,1128,28211,636947,684824,490,3582,1.01,0.97,1.12,1.26,0.99,0.95,1.14,1.26,658411,1
"714","PA",2007,1491907,3677244,1293,22100,639065,780240,547,4646,1,1.02,1.15,0.78,1,1.14,1.12,1.3,280588,0
"715","PA",2008,1421091,3583247,1481,25116,618464,778379,605,7188,0.95,0.97,1.15,1.14,0.97,1,1.11,1.55,142603,0
"716","PA",2009,1223937,3314430,1790,26185,622892,839666,736,10490,0.86,0.92,1.21,1.04,1.01,1.08,1.22,1.46,130493,0
"717","PA",2010,1310670,3469555,2018,22753,622831,909263,1413,18088,1.07,1.05,1.13,0.87,1,1.08,1.92,1.72,165712,1
"718","PA",2011,1212984,3412114,2180,31258,606771,1000509,2482,17435,0.93,0.98,1.08,1.37,0.97,1.1,1.76,0.96,209151,1
"719","PA",2012,1093178,3324211,2162,21334,600522,1079497,3050,20256,0.9,0.97,0.99,0.68,0.99,1.08,1.23,1.16,50180,0
"720","PA",2013,1126118,3471302,2162,24088,604450,1175538,3524,31982,1.03,1.04,1,1.13,1.01,1.09,1.16,1.58,316774,1
"721","PA",2014,1039161,3535314,2162,25117,594397,1304101,3700,33901,0.92,1.02,1,1.04,0.98,1.11,1.05,1.06,408409,1
"722","PA",2015,878829,3397577,2162,24264,589884,1344743,3755,31244,0.85,0.96,1,0.97,0.99,1.03,1.01,0.92,392653,0
"723","RI",1997,71,222937,0,77,47954,120532,40,0,0.88,1,0,0.72,1.02,0.95,0.95,0,272105,0
"724","RI",1998,59,230553,0,88,48974,134035,38,0,0.83,1.03,0,1.14,1.02,1.11,0.95,0,92821,0
"725","RI",1999,41,218281,5,62,50007,120720,36,0,0.69,0.95,0,0.7,1.02,0.9,0.95,0,250034,1
"726","RI",2000,52,189142,5,50,49368,91787,33,0,1.27,0.87,1,0.81,0.99,0.76,0.92,0,38458,0
"727","RI",2001,50,198529,5,32,50142,98571,30,0,0.96,1.05,1,0.64,1.02,1.07,0.91,0,94619,1
"728","RI",2002,76,188115,5,37,49255,89824,27,0,1.52,0.95,1,1.16,0.98,0.91,0.9,0,121118,1
"729","RI",2003,101,183493,7,61,49295,80339,25,0,1.33,0.98,1.4,1.65,1,0.89,0.93,0,63952,0
"730","RI",2004,76,172889,7,55,47372,74352,22,0,0.75,0.94,1,0.9,0.96,0.93,0.88,0,480101,1
"731","RI",2005,76,179787,8,67,47907,82460,26,0,1,1.04,1.14,1.22,1.01,1.11,1.18,0,83457,0
"732","RI",2006,49,169108,9,59,51150,78517,54,0,0.64,0.94,1.12,0.88,1.07,0.95,2.08,0,1194300,1
"733","RI",2007,39,177485,11,43,50157,90259,58,0,0.8,1.05,1.22,0.73,0.98,1.15,1.07,0,417143,0
"734","RI",2008,0,180980,14,49,49859,91220,64,0,0,1.02,1.27,1.14,0.99,1.01,1.1,0,39117,0
"735","RI",2009,0,186688,17,46,48186,94877,63,0,0,1.03,1.21,0.94,0.97,1.04,0.98,0,510190,1
"736","RI",2010,0,184726,20,36,47621,95710,63,30,0,0.99,1.18,0.78,0.99,1.01,1,0,151302,0
"737","RI",2011,0,185361,127,72,44786,102465,101,28,0,1,6.35,2,0.94,1.07,1.6,0.93,198298,1
"738","RI",2012,0,178021,57,41,43372,98435,149,13,0,0.96,0.45,0.57,0.97,0.96,1.48,0.46,597346,1
"739","RI",2013,0,171446,57,42,43678,88274,163,25,0,0.96,1,1.02,1.01,0.9,1.09,1.92,48424,0
"740","RI",2014,0,179055,57,38,44234,91374,240,94,0,1.04,1,0.9,1.01,1.04,1.47,3.76,166389,1
"741","RI",2015,0,183599,57,29,45752,96520,297,94,0,1.03,1,0.76,1.03,1.06,1.24,1,39548,0
"742","SC",1997,361385,956849,114,30212,257978,158683,23,0,1.02,1.05,1.08,0.96,1.04,1.03,1.44,0,257138,1
"743","SC",1998,373368,991444,118,36397,267089,164881,24,0,1.03,1.04,1.04,1.2,1.04,1.04,1.04,0,1240117,1
"744","SC",1999,402153,1028239,134,17255,275108,167978,24,0,1.08,1.04,1.14,0.47,1.03,1.02,1,0,118254,0
"745","SC",2000,432195,1070431,134,15643,276548,165091,23,0,1.07,1.04,1,0.91,1.01,0.98,0.96,0,27027,0
"746","SC",2001,414459,1043545,150,12663,280626,147173,22,0,0.96,0.97,1.12,0.81,1.01,0.89,0.96,0,419724,1
"747","SC",2002,404455,1074619,164,14138,287762,190717,22,0,0.98,1.03,1.09,1.12,1.03,1.3,1,0,358185,0
"748","SC",2003,419663,1067823,213,37112,291029,151920,21,0,1.04,0.99,1.3,2.62,1.01,0.8,0.95,0,66935,0
"749","SC",2004,433868,1173494,232,24508,320857,169519,20,0,1.03,1.1,1.09,0.66,1.1,1.12,0.95,0,256396,1
"750","SC",2005,431086,1157282,265,29379,308249,178397,19,0,0.99,0.99,1.14,1.2,0.96,1.05,0.95,0,36326,0
"751","SC",2006,432220,1166364,307,17923,320694,181973,19,0,1,1.01,1.16,0.61,1.04,1.02,1,0,175420,1
"752","SC",2007,444046,1160931,372,15379,316145,182201,24,0,1.03,1,1.21,0.86,0.99,1,1.26,0,53719,0
"753","SC",2008,445454,1125231,444,11067,319621,175858,31,0,1,0.97,1.19,0.72,1.01,0.97,1.29,0,252545,1
"754","SC",2009,371981,1084091,554,22760,333615,197419,35,0,0.84,0.96,1.25,2.06,1.04,1.12,1.13,0,103170,0
"755","SC",2010,404966,1124513,624,23185,320078,225961,38,0,1.09,1.04,1.13,1.02,0.96,1.14,1.09,0,2013611,1
"756","SC",2011,366160,1077951,605,15100,310268,235465,47,0,0.9,0.96,0.97,0.65,0.97,1.04,1.24,0,257622,0
"757","SC",2012,298572,1012597,648,13515,314813,250482,52,0,0.82,0.94,1.07,0.9,1.01,1.06,1.11,0,228212,0
"758","SC",2013,257319,975887,648,30152,321181,236943,58,0,0.86,0.96,1,2.23,1.02,0.95,1.12,0,103733,0
"759","SC",2014,305656,1019791,648,24432,319584,236058,117,0,1.19,1.04,1,0.81,1,1,2.02,0,729372,1
"760","SC",2015,241217,1033693,648,23897,338363,282227,140,0,0.79,1.01,1,0.98,1.06,1.2,1.2,0,418312,0
"761","SD",1997,42942,191610,311,92042,53011,36803,0,0,1.28,1.03,1.07,1.12,1,0.98,0,0,68913,0
"762","SD",1998,41015,184698,386,58710,54446,33374,0,0,0.96,0.96,1.24,0.64,1.03,0.91,0,0,54411,0
"763","SD",1999,46304,196134,437,68282,53887,36009,0,0,1.13,1.06,1.13,1.16,0.99,1.08,0,0,671493,1
"764","SD",2000,50602,204900,442,58304,53723,38130,0,0,1.09,1.04,1.01,0.85,1,1.06,0,0,281540,0
"765","SD",2001,44372,191869,479,35461,53202,37040,0,9,0.88,0.94,1.08,0.61,0.99,0.97,0,0,147665,0
"766","SD",2002,39957,199403,511,44290,55234,41536,3,61,0.9,1.04,1.07,1.25,1.04,1.12,0,6.78,131320,0
"767","SD",2003,43017,199433,637,43298,53629,43925,3,448,1.08,1,1.25,0.98,0.97,1.06,1,7.34,166852,1
"768","SD",2004,43562,198542,706,36033,54032,41762,3,1579,1.01,1,1.11,0.83,1.01,0.95,1,3.52,209373,1
"769","SD",2005,36952,198161,813,30743,53399,42853,3,1581,0.85,1,1.15,0.85,0.99,1.03,1,1,50106,0
"770","SD",2006,39570,196812,867,33693,53036,40861,4,1478,1.07,0.99,1.07,1.1,0.99,0.95,1.33,0.93,318146,1
"771","SD",2007,33256,205073,933,28834,53250,54100,4,1483,0.84,1.04,1.08,0.86,1,1.32,1,1,415832,1
"772","SD",2008,43098,221557,1456,29494,51646,65453,4,1430,1.3,1.08,1.56,1.02,0.97,1.21,1,0.96,400063,0
"773","SD",2009,37480,219477,1576,43261,54926,66317,5,4109,0.87,0.99,1.08,1.47,1.06,1.01,1.25,2.87,275859,0
"774","SD",2010,39061,226225,1716,51110,53709,72926,5,13383,1.04,1.03,1.09,1.18,0.98,1.1,1,3.26,94880,0
"775","SD",2011,32112,218908,1962,64205,53763,73973,5,25925,0.82,0.97,1.14,1.26,1,1.01,1,1.94,252620,1
"776","SD",2012,35574,225140,1868,56915,55345,71501,6,22399,1.11,1.03,0.95,0.89,1.03,0.97,1.2,0.86,38737,0
"777","SD",2013,34246,232194,1868,38761,54414,84527,6,25643,0.96,1.03,1,0.68,0.98,1.18,1,1.14,93957,1
"778","SD",2014,33062,232144,1868,52288,55526,83919,9,22218,0.97,1,1,1.35,1.02,0.99,1.5,0.87,119411,1
"779","SD",2015,19616,217901,1868,45202,56542,83306,10,23274,0.59,0.94,1,0.86,1.02,0.99,1.11,1.05,64278,0
"780","TN",1997,680608,1610222,37,112731,344963,291844,61,0,1.05,1.02,1.09,0.95,1.02,1.01,1,0,489453,1
"781","TN",1998,651838,1611387,38,110189,352126,287447,61,0,0.96,1,1.03,0.98,1.02,0.98,1,0,83547,0
"782","TN",1999,648342,1624518,43,79783,363707,286375,58,0,0.99,1.01,1.13,0.72,1.03,1,0.95,0,1231862,1
"783","TN",2000,705059,1683770,43,65248,359045,280679,53,0,1.09,1.04,1,0.82,0.99,0.98,0.91,0,415761,0
"784","TN",2001,687352,1664229,50,71778,356594,265461,49,0,0.97,0.99,1.16,1.1,0.99,0.95,0.92,0,47816,0
"785","TN",2002,655906,1658245,54,81116,375001,263691,44,41,0.95,1,1.08,1.13,1.05,0.99,0.9,0,518583,1
"786","TN",2003,621425,1643706,70,121537,377486,265807,39,40,0.95,0.99,1.3,1.5,1.01,1.01,0.89,0.98,159785,0
"787","TN",2004,648005,1652678,76,104248,379507,238761,34,38,1.04,1.01,1.09,0.86,1.01,0.9,0.87,0.95,192598,1
"788","TN",2005,657711,1679403,87,93086,386581,238400,29,33,1.01,1.02,1.14,0.89,1.02,1,0.85,0.87,607172,1
"789","TN",2006,677174,1693741,101,76859,388858,230047,34,542,1.03,1.01,1.16,0.83,1.01,0.96,1.17,16.42,48631,0
"790","TN",2007,672766,1677013,123,48823,392173,229520,36,494,0.99,0.99,1.22,0.64,1.01,1,1.06,0.91,166858,1
"791","TN",2008,643796,1598539,146,55636,377569,238441,36,494,0.96,0.95,1.19,1.14,0.96,1.04,1,1,39189,0
"792","TN",2009,477713,1358786,182,99669,387593,223019,34,505,0.74,0.85,1.25,1.79,1.03,0.94,0.94,1.02,265211,1
"793","TN",2010,515464,1461403,205,79392,388803,263365,48,396,1.08,1.08,1.13,0.8,1,1.18,1.41,0.78,1310522,1
"794","TN",2011,481127,1426989,199,93037,382524,267929,54,516,0.93,0.98,0.97,1.17,0.98,1.02,1.12,1.3,119739,0
"795","TN",2012,423086,1354977,213,78942,377704,281007,171,452,0.88,0.95,1.07,0.85,0.99,1.05,3.17,0.88,26963,0
"796","TN",2013,399768,1343509,213,118721,382411,284750,713,446,0.94,0.99,1,1.5,1.01,1.01,4.17,0.99,422269,1
"797","TN",2014,427509,1416141,213,84645,386074,313887,856,486,1.07,1.05,1,0.71,1.01,1.1,1.2,1.09,368474,0
"798","TN",2015,370650,1378346,213,89288,391448,322385,1293,427,0.87,0.97,1,1.05,1.01,1.03,1.51,0.88,65925,0
"799","TX",1997,1523201,11668119,451,18289,1173361,4231566,494,828,1.03,1.03,1.08,1.84,0.99,0.99,1,0.97,259863,1
"800","TX",1998,1488589,11851425,516,14529,1234804,4377957,555,816,0.98,1.02,1.14,0.79,1.05,1.03,1.12,0.99,35054,0
"801","TX",1999,1530426,11561844,562,11455,1266717,4138086,569,3272,1.03,0.98,1.09,0.79,1.03,0.95,1.03,4.01,177049,1
"802","TX",2000,1548184,11914541,562,8456,1302556,4550106,547,5020,1.01,1.03,1,0.74,1.03,1.1,0.96,1.53,51361,0
"803","TX",2001,1492977,11696349,639,12403,1337665,4384479,541,12271,0.96,0.98,1.14,1.47,1.03,0.96,0.99,2.44,253743,1
"804","TX",2002,1550325,11969591,694,11429,1399101,4444508,535,27021,1.04,1.02,1.09,0.92,1.05,1.01,0.99,2.2,106112,0
"805","TX",2003,1603971,11808273,914,9077,1402375,4177143,531,26020,1.03,0.99,1.32,0.79,1,0.94,0.99,0.96,2064534,1
"806","TX",2004,1626029,11880701,1007,13027,1434042,4039787,517,31427,1.01,1.01,1.1,1.44,1.02,0.97,0.97,1.21,265880,0
"807","TX",2005,1627863,11286024,1161,13324,1446864,3621139,501,42368,1,0.95,1.15,1.02,1.01,0.9,0.97,1.35,224931,0
"808","TX",2006,1610301,11294039,1296,6566,1481609,3544789,505,66165,0.99,1,1.12,0.49,1.02,0.98,1.01,1.56,103540,0
"809","TX",2007,1609155,11212201,1486,16254,1498072,3626526,517,89019,1,0.99,1.15,2.48,1.01,1.02,1.02,1.35,744576,1
"810","TX",2008,1605925,10556714,1699,10243,1477002,3653462,549,159881,1,0.94,1.14,0.63,0.99,1.01,1.06,1.8,424360,0
"811","TX",2009,1497854,10101667,2057,10040,1472381,3481133,619,195455,0.93,0.96,1.21,0.98,1,0.95,1.13,1.22,69676,0
"812","TX",2010,1568060,10740967,2316,12310,1491990,3689581,847,256109,1.05,1.06,1.13,1.23,1.01,1.06,1.37,1.31,56014,0
"813","TX",2011,1695239,10979615,2488,5471,1469331,3800578,1263,296805,1.08,1.02,1.07,0.44,0.98,1.03,1.49,1.16,669261,1
"814","TX",2012,1498818,11054478,2478,5562,1481298,3964120,2402,306550,0.88,1.01,1,1.02,1.01,1.04,1.9,1.03,288157,0
"815","TX",2013,1597357,11608479,2478,4580,1527995,4131223,3231,342270,1.07,1.05,1,0.82,1.03,1.04,1.35,1.12,148419,0
"816","TX",2014,1585961,11585255,2478,3670,1592040,4060591,4810,380449,0.99,1,1,0.8,1.04,0.98,1.49,1.11,131536,0
"817","TX",2015,1340422,11790469,2478,8913,1666854,4267424,6395,417802,0.85,1.02,1,2.43,1.05,1.05,1.33,1.1,168306,1
"818","UT",1997,375105,792986,2226,13728,114857,172248,51,0,1.04,1.03,0.9,1.27,1.04,1.02,0.96,0,202289,1
"819","UT",1998,396129,824579,2159,13406,118562,177960,49,0,1.06,1.04,0.97,0.98,1.03,1.03,0.96,0,49810,0
"820","UT",1999,384060,810023,2113,12835,120633,169255,47,0,0.97,0.98,0.98,0.96,1.02,0.95,0.96,0,318888,1
"821","UT",2000,403068,844650,2088,7611,124590,173439,44,0,1.05,1.04,0.99,0.59,1.03,1.02,0.94,0,415030,1
"822","UT",2001,384453,812761,2165,5253,119885,167582,41,0,0.95,0.96,1.04,0.69,0.96,0.97,0.93,0,405793,0
"823","UT",2002,370551,801475,2815,4657,125890,172366,39,0,0.96,0.99,1.3,0.89,1.05,1.03,0.95,0,281759,0
"824","UT",2003,379185,819158,2539,4266,126561,163527,39,0,1.02,1.02,0.9,0.92,1.01,0.95,1,0,95465,0
"825","UT",2004,399704,841464,2534,4506,128693,164154,37,0,1.05,1.03,1,1.06,1.02,1,0.95,0,256738,1
"826","UT",2005,405546,862094,2503,7844,128272,168770,35,0,1.01,1.02,0.99,1.74,1,1.03,0.95,0,39026,0
"827","UT",2006,382757,891352,2562,7407,131395,197894,36,0,0.94,1.03,1.02,0.94,1.02,1.17,1.03,0,96352,1
"828","UT",2007,391386,922324,2325,5325,134309,231125,40,0,1.02,1.03,0.91,0.72,1.02,1.17,1.11,0,120027,1
"829","UT",2008,395878,912984,3294,6583,128410,237414,45,236,1.01,0.99,1.42,1.24,0.96,1.03,1.12,0,64641,0
"830","UT",2009,364994,853943,3490,8152,129176,223646,58,1557,0.92,0.94,1.06,1.24,1.01,0.94,1.29,6.6,496128,1
"831","UT",2010,356148,847670,3449,6785,125735,229078,80,4368,0.98,0.99,0.99,0.83,0.97,1.02,1.38,2.81,82696,0
"832","UT",2011,346181,858596,4027,11952,129578,230672,111,5565,0.97,1.01,1.17,1.76,1.03,1.01,1.39,1.27,1228488,1
"833","UT",2012,322055,829631,3993,7116,127729,232630,199,6698,0.93,0.97,0.99,0.6,0.99,1.01,1.79,1.2,422644,0
"834","UT",2013,355230,897683,3851,4818,132042,258661,283,5150,1.1,1.08,0.96,0.68,1.03,1.11,1.42,0.77,48981,0
"835","UT",2014,344054,875823,5769,6018,133935,251649,433,6276,0.97,0.98,1.5,1.25,1.01,0.97,1.53,1.22,523587,1
"836","UT",2015,330043,847353,4811,7164,134049,240939,980,5833,0.96,0.97,0.83,1.19,1,0.96,2.26,0.93,166762,0
"837","VA",1997,432781,1493003,305,10420,424711,259936,138,0,1.01,1.02,1.09,0.71,1.03,0.96,1.01,0,188806,1
"838","VA",1998,438490,1522577,364,13086,428656,271542,138,0,1.01,1.02,1.19,1.26,1.01,1.04,1,0,617053,1
"839","VA",1999,444542,1560143,384,6971,442137,287330,137,0,1.01,1.02,1.05,0.53,1.03,1.06,0.99,0,48815,0
"840","VA",2000,506961,1655409,384,7263,446466,278198,136,0,1.14,1.06,1,1.04,1.01,0.97,0.99,0,170217,1
"841","VA",2001,487601,1623928,442,10480,473395,246654,146,0,0.96,0.98,1.15,1.44,1.06,0.89,1.07,0,39601,0
"842","VA",2002,482759,1605983,481,8832,477058,266981,178,0,0.99,0.99,1.09,0.84,1.01,1.08,1.22,0,269453,1
"843","VA",2003,464353,1671416,643,18038,483979,272436,191,0,0.96,1.04,1.34,2.04,1.01,1.02,1.07,0,1377100,1
"844","VA",2004,452557,1734492,715,15856,493163,285757,209,0,0.97,1.04,1.11,0.88,1.02,1.05,1.09,0,122685,0
"845","VA",2005,458452,1769449,830,14842,495425,311736,268,0,1.01,1.02,1.16,0.94,1,1.09,1.28,0,26913,0
"846","VA",2006,433606,1676563,917,13402,503920,283497,330,0,0.95,0.95,1.1,0.9,1.02,0.91,1.23,0,422275,1
"847","VA",2007,458200,1749379,1031,12338,510453,331110,397,0,1.06,1.04,1.12,0.92,1.01,1.17,1.2,0,377393,0
"848","VA",2008,415102,1598053,1163,9962,489342,310740,454,0,0.91,0.91,1.13,0.81,0.96,0.94,1.14,0,66261,0
"849","VA",2009,334605,1478445,1392,14431,480835,330625,467,0,0.81,0.93,1.2,1.45,0.98,1.06,1.03,0,263282,1
"850","VA",2010,346161,1535570,1569,14636,489585,385931,507,0,1.03,1.04,1.13,1.01,1.02,1.17,1.09,0,35410,0
"851","VA",2011,288348,1431324,1764,11760,458165,383527,543,0,0.83,0.93,1.12,0.8,0.94,0.99,1.07,0,176559,1
"852","VA",2012,222270,1432361,1701,9933,469051,424050,624,0,0.77,1,0.96,0.84,1.02,1.11,1.15,0,49498,0
"853","VA",2013,290508,1510389,1701,11961,469794,433573,657,0,1.31,1.05,1,1.2,1,1.02,1.05,0,258384,1
"854","VA",2014,278183,1499982,1701,9084,479881,439012,723,0,0.96,0.99,1,0.76,1.02,1.01,1.1,0,107621,0
"855","VA",2015,232427,1528847,1701,10795,483593,525289,801,0,0.84,1.02,1,1.19,1.01,1.2,1.11,0,2150580,1
"856","VT",1997,2695,97615,0,10902,39666,8314,23,0,64.17,1.06,0,0.86,1.04,1.11,1.15,0,278523,0
"857","VT",1998,53,91024,0,12176,39167,7828,24,0,0.02,0.93,0,1.12,0.99,0.94,1.04,0,223311,0
"858","VT",1999,2016,93992,5,12227,40135,8129,28,139,38.04,1.03,0,1,1.02,1.04,1.17,0,105273,0
"859","VT",2000,26,98766,5,12456,43767,10552,29,125,0.01,1.05,1,1.02,1.09,1.3,1.04,0.9,765249,1
"860","VT",2001,50,97301,6,9137,41820,8014,30,125,1.92,0.99,1.2,0.73,0.96,0.76,1.03,1,438440,0
"861","VT",2002,25,93027,6,11342,42542,8401,32,106,0.5,0.96,1,1.24,1.02,1.05,1.07,0.85,70415,0
"862","VT",2003,25,95595,8,11685,43206,8451,35,110,1,1.03,1.33,1.03,1.02,1.01,1.09,1.04,57341,0
"863","VT",2004,25,104101,8,11892,43727,8720,38,114,1,1.09,1,1.02,1.01,1.03,1.09,1.04,681546,1
"864","VT",2005,25,99033,10,12107,43705,8406,43,115,1,0.95,1.25,1.02,1,0.96,1.13,1.01,295364,0
"865","VT",2006,27,96907,11,15064,43634,8064,51,106,1.08,0.98,1.1,1.24,1,0.96,1.19,0.92,154052,0
"866","VT",2007,34,95792,14,6391,43066,8876,60,104,1.26,0.99,1.27,0.42,0.99,1.1,1.18,0.98,134151,0
"867","VT",2008,0,86292,20,14711,40942,8667,84,101,0,0.9,1.43,2.3,0.95,0.98,1.4,0.97,169171,1
"868","VT",2009,0,93326,25,14502,40625,8681,97,113,0,1.08,1.25,0.99,0.99,1,1.15,1.12,206611,1
"869","VT",2010,0,90295,28,13140,39944,8502,107,136,0,0.97,1.12,0.91,0.98,0.98,1.1,1.2,50641,0
"870","VT",2011,0,88826,27,13843,38609,8679,170,322,0,0.98,0.96,1.05,0.97,1.02,1.59,2.37,322879,1
"871","VT",2012,0,84128,29,10956,37514,8290,279,1017,0,0.95,1.07,0.79,0.97,0.96,1.64,3.16,422350,1
"872","VT",2013,0,89097,29,12269,38212,9746,463,2252,0,1.06,1,1.12,1.02,1.18,1.66,2.21,412155,0
"873","VT",2014,0,90382,29,11177,37775,10858,626,2961,0,1.01,1,0.91,0.99,1.11,1.35,1.31,289587,0
"874","VT",2015,0,94237,29,10619,37575,12248,1044,3032,0,1.04,1,0.95,0.99,1.13,1.67,1.02,94599,0
"875","WA",1997,80465,1172088,241,1063894,319224,268141,355,0,0.89,0.98,1.11,1.04,0.99,0.94,0.97,0,257488,1
"876","WA",1998,103476,1230133,313,813870,322461,303307,342,0,1.29,1.05,1.3,0.76,1.01,1.13,0.96,0,40070,0
"877","WA",1999,96875,1248464,341,991813,329664,302262,326,0,0.94,1.01,1.09,1.22,1.02,1,0.95,0,99891,1
"878","WA",2000,106240,1240107,341,818762,328760,297569,289,0,1.1,0.99,1,0.83,1,0.98,0.89,0,122010,1
"879","WA",2001,99441,1191573,343,565565,331048,322413,263,0,0.94,0.96,1.01,0.69,1.01,1.08,0.91,0,65831,0
"880","WA",2002,100832,1078502,370,795189,336338,240494,228,4238,1.01,0.91,1.08,1.41,1.02,0.75,0.87,0,496920,1
"881","WA",2003,118207,1097636,494,726537,334640,255839,191,6112,1.17,1.02,1.34,0.91,0.99,1.06,0.84,1.44,85016,0
"882","WA",2004,112539,1132016,553,716902,334437,269572,155,7378,0.95,1.03,1.12,0.99,1,1.05,0.81,1.21,1249602,1
"883","WA",2005,112284,1153564,642,720674,338991,272167,116,4984,1,1.02,1.16,1.01,1.01,1.01,0.75,0.68,431566,0
"884","WA",2006,69150,1136223,683,813434,341110,271034,109,10292,0.62,0.98,1.06,1.13,1.01,1,0.94,2.07,52522,0
"885","WA",2007,95737,1196545,728,779148,339676,279429,102,24095,1.38,1.05,1.07,0.96,1,1.03,0.94,2.34,541014,1
"886","WA",2008,94601,1170135,788,765033,327504,307085,108,36041,0.99,0.98,1.08,0.98,0.96,1.1,1.06,1.5,176092,0
"887","WA",2009,84048,1138883,902,711823,329368,319739,123,34867,0.89,0.97,1.14,0.93,1.01,1.04,1.14,0.97,192330,1
"888","WA",2010,94934,1115874,1013,666221,324061,294871,154,46289,1.13,0.98,1.12,0.94,0.98,0.92,1.25,1.33,629469,1
"889","WA",2011,56951,1042394,1262,892101,320645,272261,199,60845,0.6,0.93,1.25,1.34,0.99,0.92,1.29,1.31,49269,0
"890","WA",2012,42656,1049491,1136,851343,317575,271947,268,62803,0.75,1.01,0.9,0.95,0.99,1,1.35,1.03,175277,1
"891","WA",2013,74955,1113555,1136,745678,330548,327840,339,66829,1.76,1.06,1,0.88,1.04,1.21,1.26,1.06,39963,0
"892","WA",2014,76547,1092097,1136,755695,328699,320167,469,69117,1.02,0.98,1,1.01,0.99,0.98,1.38,1.03,274060,1
"893","WA",2015,58273,1131524,1136,684060,335952,327992,648,65936,0.76,1.04,1,0.91,1.02,1.02,1.38,0.95,1424694,1
"894","WI",1997,486597,1437818,110,25362,290453,404959,230,0,1.07,1.02,1.07,0.91,0.99,0.99,0.97,0,126926,0
"895","WI",1998,472029,1410287,114,17818,306327,372082,227,0,0.97,0.98,1.04,0.7,1.05,0.92,0.99,0,27036,0
"896","WI",1999,480722,1474177,129,20294,307441,385142,214,0,1.02,1.05,1.13,1.14,1,1.04,0.94,0,423182,1
"897","WI",2000,499233,1498029,129,20255,303421,397553,196,28,1.04,1.02,1,1,0.99,1.03,0.92,0,389372,0
"898","WI",2001,494043,1461804,143,21247,306948,363022,184,747,0.99,0.98,1.11,1.05,1.01,0.91,0.94,26.68,66655,0
"899","WI",2002,491990,1482040,156,25585,314489,388007,175,470,1,1.01,1.09,1.2,1.02,1.07,0.95,0.63,267318,1
"900","WI",2003,488239,1466590,203,18663,316873,397869,168,988,0.99,0.99,1.3,0.73,1.01,1.03,0.96,2.1,35544,0
"901","WI",2004,499212,1491919,220,19838,317936,385999,153,1037,1.02,1.02,1.08,1.06,1,0.97,0.91,1.05,179161,1
"902","WI",2005,522521,1535462,252,17400,318985,415583,142,925,1.05,1.03,1.15,0.88,1,1.08,0.93,0.89,49649,0
"903","WI",2006,462732,1429893,292,16650,314191,376559,150,1006,0.89,0.93,1.16,0.96,0.98,0.91,1.06,1.09,263475,1
"904","WI",2007,465083,1454860,354,14985,321030,403947,174,1080,1.01,1.02,1.21,0.9,1.02,1.07,1.16,1.07,108209,0
"905","WI",2008,480712,1455637,421,15925,308646,415109,226,4800,1.03,1,1.19,1.06,0.96,1.03,1.3,4.44,2245876,1
"906","WI",2009,425941,1339038,525,13605,308872,392485,258,10267,0.89,0.92,1.25,0.85,1,0.95,1.14,2.14,288015,0
"907","WI",2010,458442,1361142,592,20603,312996,376627,291,10619,1.08,1.02,1.13,1.51,1.01,0.96,1.13,1.03,227502,0
"908","WI",2011,447370,1359937,574,20859,301133,399247,329,11540,0.98,1,0.97,1.01,0.96,1.06,1.13,1.09,107181,0
"909","WI",2012,373281,1283214,615,14562,298942,410305,414,14822,0.83,0.94,1.07,0.7,0.99,1.03,1.26,1.28,795408,1
"910","WI",2013,454554,1419090,615,18880,297880,454050,424,14864,1.22,1.11,1,1.3,1,1.11,1.02,1,451827,0
"911","WI",2014,417096,1438990,615,23507,313583,479396,465,15387,0.92,1.01,1,1.25,1.05,1.06,1.1,1.04,72675,0
"912","WI",2015,408189,1415073,615,21813,312494,477002,504,14811,0.98,0.98,1,0.93,1,1,1.08,0.96,59068,0
"913","WV",1997,937708,1307333,0,11630,103006,170349,43,0,1.03,1.03,0,0.79,1.04,1.04,0.96,0,689832,1
"914","WV",1998,978340,1343767,0,11077,102859,151873,42,0,1.04,1.03,0,0.95,1,0.89,0.98,0,297657,0
"915","WV",1999,993017,1345028,8,9513,101605,147675,39,0,1.02,1,0,0.86,0.99,0.97,0.93,0,160175,0
"916","WV",2000,977817,1342561,8,11740,101277,157926,36,0,0.98,1,1,1.23,1,1.07,0.92,0,135621,0
"917","WV",2001,866590,1235368,10,9836,102804,150543,33,0,0.89,0.92,1.25,0.84,1.02,0.95,0.92,0,170832,1
"918","WV",2002,993467,1377958,10,10842,100509,155536,30,92,1.15,1.12,1,1.1,0.98,1.03,0.91,0,207783,1
"919","WV",2003,978415,1325468,12,13730,101938,135367,27,1719,0.98,0.96,1.2,1.27,1.01,0.87,0.9,18.68,51070,0
"920","WV",2004,937062,1296909,12,13204,105793,129358,38,1614,0.96,0.98,1,0.96,1.04,0.96,1.41,0.94,329175,1
"921","WV",2005,959657,1316091,14,14474,105017,124984,38,1539,1.02,1.01,1.17,1.1,0.99,0.97,1,0.95,438208,1
"922","WV",2006,958880,1321709,15,15597,105514,126316,40,1723,1,1,1.07,1.08,1,1.01,1.05,1.12,424257,0
"923","WV",2007,983259,1343473,17,12398,104221,124555,43,1656,1.03,1.02,1.13,0.79,0.99,0.99,1.07,0.96,294044,0
"924","WV",2008,955628,1297325,23,12298,95183,119617,46,3862,0.97,0.97,1.35,0.99,0.91,0.96,1.07,2.33,94762,0
"925","WV",2009,742922,1053756,27,16064,102232,118643,44,7246,0.78,0.81,1.17,1.31,1.07,0.99,0.96,1.88,261247,1
"926","WV",2010,848129,1165392,31,13340,103897,121780,46,9163,1.14,1.11,1.15,0.83,1.02,1.03,1.05,1.26,40999,0
"927","WV",2011,822645,1138880,30,14118,98738,124935,57,10712,0.97,0.98,0.97,1.06,0.95,1.03,1.24,1.17,101996,1
"928","WV",2012,756716,1083018,32,13622,96457,140133,76,12238,0.92,0.95,1.07,0.96,0.98,1.12,1.33,1.14,126318,1
"929","WV",2013,771188,1112101,32,16590,95122,152880,84,13229,1.02,1.03,1,1.22,0.99,1.09,1.11,1.08,67544,0
"930","WV",2014,816460,1182073,32,11811,98438,180222,85,13803,1.06,1.06,1,0.71,1.03,1.18,1.01,1.04,502536,1
"931","WV",2015,730949,1112174,32,12907,103948,192764,93,12825,0.9,0.94,1,1.09,1.06,1.07,1.09,0.93,86353,0
"932","WY",1997,468350,707658,649,14101,39650,107907,2,0,0.99,0.99,1,1.11,0.96,1,1,0,1275126,1
"933","WY",1998,516261,761791,649,13688,41134,116505,2,21,1.1,1.08,1,0.97,1.04,1.08,1,0,443278,0
"934","WY",1999,496169,745714,671,11967,41071,101660,2,114,0.96,0.98,1.03,0.87,1,0.87,1,5.43,51186,0
"935","WY",2000,506147,758020,671,10314,40666,105975,2,2509,1.02,1.02,1,0.86,0.99,1.04,1,22.01,547136,1
"936","WY",2001,499817,760665,671,9084,42243,103990,2,3773,0.99,1,1,0.88,1.04,0.98,1,1.5,181486,0
"937","WY",2002,480360,748034,673,5937,41904,117387,2,4551,0.96,0.98,1,0.65,0.99,1.13,1,1.21,201467,1
"938","WY",2003,493897,773608,714,6010,41671,120433,2,3711,1.03,1.03,1.06,1.01,0.99,1.03,1,0.82,644159,1
"939","WY",2004,500526,765533,718,5941,41440,111878,2,6175,1.01,0.99,1.01,0.99,0.99,0.93,1,1.66,50184,0
"940","WY",2005,490940,759172,745,8083,42558,112863,3,7172,0.98,0.99,1.04,1.36,1.03,1.01,1.5,1.16,180703,1
"941","WY",2006,489325,769251,693,8365,43234,112929,4,7529,1,1.01,0.93,1.03,1.02,1,1.33,1.05,41089,0
"942","WY",2007,494955,810515,644,7210,43937,145985,4,7461,1.01,1.05,0.93,0.86,1.02,1.29,1,0.99,282287,1
"943","WY",2008,500109,817404,569,8231,42076,147129,5,9485,1.01,1.01,0.88,1.14,0.96,1.01,1.25,1.27,1484881,1
"944","WY",2009,473912,785244,591,9434,43525,147220,4,21728,0.95,0.96,1.04,1.15,1.03,1,0.8,2.29,132109,0
"945","WY",2010,484239,805249,598,9989,43374,154759,6,31676,1.02,1.03,1.01,1.06,1,1.05,1.5,1.46,27279,0
"946","WY",2011,467671,797696,670,11890,42460,161776,6,44809,0.97,0.99,1.12,1.19,0.98,1.05,1,1.41,432332,1
"947","WY",2012,490128,821218,663,8502,44228,158546,14,41576,1.05,1.03,0.99,0.72,1.04,0.98,2.33,0.93,403888,0
"948","WY",2013,520699,839917,663,6782,43852,156110,24,42298,1.06,1.02,1,0.8,0.99,0.98,1.71,1.02,67126,0
"949","WY",2014,489300,804581,663,8261,42346,142268,24,41899,0.94,0.96,1,1.22,0.97,0.91,1,0.99,272968,1
"950","WY",2015,487177,794307,663,8091,44278,146985,27,35009,1,0.99,1,0.98,1.05,1.03,1.12,0.84,35768,0
