GDP,GDP.total,State,HYTCB,year
137143,11321.246,AK,11224,1997
37880,11864.675,AK,11353,1998
163114,12359.095,AK,8351,1999
79164,12643.283,AK,10220,2000
1343127,12822.258,AK,13905,2001
175029,13031.169,AK,14643,2002
183342,13606.509,AK,16023,2003
74610,14099.081,AK,15004,2004
537176,14546.119,AK,14638,2005
314114,14726.022,AK,12137,2006
53108,14889.45,AK,12762,2007
35356,14375.018,AK,11547,2008
553662,14604.845,AK,12920,2009
222040,14881.301,AK,13982,2010
107893,15291.035,AK,13066,2011
98817,15491.878,AK,14988,2012
139389,15757.57,AK,13696,2013
180085,16349.97,AK,14633,2014
41367,16571.573,AK,14621,2015
216432,11321.246,AL,117660,1997
293755,11864.675,AL,107730,1998
386554,12359.095,AL,79350,1999
203067,12643.283,AL,59346,2000
78492,12822.258,AL,86346,2001
217476,13031.169,AL,89775,2002
26682,13606.509,AL,128232,2003
66393,14099.081,AL,106432,2004
84794,14546.119,AL,101436,2005
47050,14726.022,AL,71930,2006
408007,14889.45,AL,40881,2007
64422,14375.018,AL,60466,2008
915016,14604.845,AL,122345,2009
301144,14881.301,AL,84919,2010
20651,15291.035,AL,86313,2011
446980,15491.878,AL,70754,2012
109918,15757.57,AL,123071,2013
112239,16349.97,AL,90030,2014
473943,16571.573,AL,91902,2015
38989,11321.246,AR,35906,1997
131498,11864.675,AR,31781,1998
22910,12359.095,AR,27552,1999
202976,12643.283,AR,24181,2000
816575,12822.258,AR,26331,2001
75322,13031.169,AR,34953,2002
19545,13606.509,AR,26878,2003
294126,14099.081,AR,36493,2004
259637,14546.119,AR,30822,2005
55382,14726.022,AR,15380,2006
203610,14889.45,AR,31992,2007
22801,14375.018,AR,45923,2008
141672,14604.845,AR,40921,2009
36889,14881.301,AR,35697,2010
177319,15291.035,AR,28738,2011
80136,15491.878,AR,20921,2012
1421713,15757.57,AR,25329,2013
192216,16349.97,AR,25104,2014
189859,16571.573,AR,33261,2015
75778,11321.246,AZ,123060,1997
569488,11864.675,AZ,111863,1998
336066,12359.095,AZ,99794,1999
51723,12643.283,AZ,85221,2000
37144,12822.258,AZ,78774,2001
568418,13031.169,AZ,75557,2002
235591,13606.509,AZ,71634,2003
108526,14099.081,AZ,69843,2004
102346,14546.119,AZ,64094,2005
143394,14726.022,AZ,67379,2006
184356,14889.45,AZ,65211,2007
42674,14375.018,AZ,71795,2008
224832,14604.845,AZ,62731,2009
305814,14881.301,AZ,64606,2010
392288,15291.035,AZ,89135,2011
212772,15491.878,AZ,63918,2012
80537,15757.57,AZ,56432,2013
222481,16349.97,AZ,58185,2014
27924,16571.573,AZ,60906,2015
67545,11321.246,CA,419290,1997
89089,11864.675,CA,505243,1998
50072,12359.095,CA,416573,1999
417249,12643.283,CA,391043,2000
63999,12822.258,CA,263923,2001
938989,13031.169,CA,316794,2002
315199,13606.509,CA,368253,2003
21676,14099.081,CA,341956,2004
466789,14546.119,CA,396279,2005
111739,14726.022,CA,476582,2006
118195,14889.45,CA,270107,2007
488899,14375.018,CA,237755,2008
40360,14604.845,CA,272187,2009
136129,14881.301,CA,326152,2010
24204,15291.035,CA,413488,2011
213093,15491.878,CA,255384,2012
866952,15757.57,CA,226643,2013
80085,16349.97,CA,157213,2014
20122,16571.573,CA,128681,2015
308784,11321.246,CO,20751,1997
275275,11864.675,CO,14908,1998
56244,12359.095,CO,15978,1999
210292,12643.283,CO,14836,2000
23387,12822.258,CO,15445,2001
146666,13031.169,CO,12299,2002
36617,13606.509,CO,12780,2003
192410,14099.081,CO,11966,2004
84533,14546.119,CO,14152,2005
1525588,14726.022,CO,17767,2006
207243,14889.45,CO,17095,2007
195476,14375.018,CO,20096,2008
78951,14604.845,CO,18405,2009
597492,14881.301,CO,15398,2010
359468,15291.035,CO,20235,2011
52524,15491.878,CO,14247,2012
40719,15757.57,CO,11572,2013
589098,16349.97,CO,16831,2014
243138,16571.573,CO,15098,2015
110785,11321.246,CT,4562,1997
105007,11864.675,CT,4571,1998
148051,12359.095,CT,4315,1999
188210,12643.283,CT,5369,2000
44718,12822.258,CT,2959,2001
233863,13031.169,CT,3409,2002
322102,13606.509,CT,5715,2003
413344,14099.081,CT,4634,2004
220566,14546.119,CT,4782,2005
82752,14726.022,CT,5395,2006
228321,14889.45,CT,3590,2007
28177,14375.018,CT,5481,2008
68999,14604.845,CT,4973,2009
95801,14881.301,CT,3811,2010
51534,15291.035,CT,5513,2011
431110,15491.878,CT,2970,2012
67614,15757.57,CT,3835,2013
988849,16349.97,CT,4127,2014
332374,16571.573,CT,2819,2015
21718,11321.246,DE,0,1997
476231,11864.675,DE,0,1998
113580,12359.095,DE,0,1999
120662,12643.283,DE,0,2000
503011,12822.258,DE,0,2001
41651,13031.169,DE,0,2002
142007,13606.509,DE,0,2003
25195,14099.081,DE,0,2004
219514,14546.119,DE,0,2005
900960,14726.022,DE,0,2006
83918,14889.45,DE,0,2007
21216,14375.018,DE,0,2008
323570,14604.845,DE,0,2009
295582,14881.301,DE,0,2010
58355,15291.035,DE,0,2011
218921,15491.878,DE,0,2012
24284,15757.57,DE,0,2013
148188,16349.97,DE,0,2014
35909,16571.573,DE,0,2015
202215,11321.246,FL,2464,1997
85271,11864.675,FL,2024,1998
1638988,12359.095,FL,1433,1999
222942,12643.283,FL,885,2000
209329,12822.258,FL,1526,2001
79302,13031.169,FL,1873,2002
623599,13606.509,FL,2660,2003
373907,14099.081,FL,2657,2004
53710,14546.119,FL,2661,2005
45286,14726.022,FL,2018,2006
611079,14889.45,FL,1527,2007
251015,14375.018,FL,2031,2008
116421,14604.845,FL,2032,2009
107539,14881.301,FL,1731,2010
143791,15291.035,FL,1769,2011
181910,15491.878,FL,1432,2012
46618,15757.57,FL,2425,2013
242282,16349.97,FL,2010,2014
348183,16571.573,FL,2277,2015
420241,11321.246,GA,43708,1997
234732,11864.675,GA,53376,1998
83074,12359.095,GA,28134,1999
235057,12643.283,GA,25307,2000
28830,12822.258,GA,26829,2001
71571,13031.169,GA,27627,2002
100143,13606.509,GA,41920,2003
55125,14099.081,GA,36983,2004
452735,14546.119,GA,40317,2005
68793,14726.022,GA,25480,2006
1022817,14889.45,GA,22102,2007
340989,14375.018,GA,21133,2008
22514,14604.845,GA,31815,2009
484975,14881.301,GA,32407,2010
117500,15291.035,GA,26282,2011
130992,15491.878,GA,21281,2012
514175,15757.57,GA,35431,2013
43476,16349.97,GA,29142,2014
145153,16571.573,GA,27804,2015
26909,11321.246,HI,1178,1997
221830,11864.675,HI,1237,1998
930610,12359.095,HI,1175,1999
86850,12643.283,HI,1055,2000
22326,12822.258,HI,1041,2001
336195,13031.169,HI,967,2002
295895,13606.509,HI,916,2003
58084,14099.081,HI,941,2004
225228,14546.119,HI,962,2005
25118,14726.022,HI,1191,2006
148824,14889.45,HI,913,2007
37102,14375.018,HI,831,2008
206560,14604.845,HI,1099,2009
85283,14881.301,HI,687,2010
1627983,15291.035,HI,905,2011
226211,15491.878,HI,1090,2012
212395,15757.57,HI,747,2013
83072,16349.97,HI,895,2014
645193,16571.573,HI,1129,2015
378479,11321.246,IA,8221,1997
53669,11864.675,IA,9309,1998
44073,12359.095,IA,9670,1999
610054,12643.283,IA,9222,2000
245953,12822.258,IA,8733,2001
114313,13031.169,IA,9628,2002
107398,13606.509,IA,7985,2003
144407,14099.081,IA,9475,2004
184946,14546.119,IA,9594,2005
47564,14726.022,IA,9020,2006
251494,14889.45,IA,9512,2007
352601,14375.018,IA,8071,2008
408463,14604.845,IA,9479,2009
235075,14881.301,IA,9250,2010
82326,15291.035,IA,8991,2011
233240,15491.878,IA,7291,2012
29269,15757.57,IA,7147,2013
72624,16349.97,IA,8356,2014
102262,16571.573,IA,8948,2015
55920,11321.246,ID,149882,1997
458601,11864.675,ID,131904,1998
69448,12359.095,ID,138042,1999
1056708,12643.283,ID,111871,2000
348010,12822.258,ID,74637,2001
22967,13031.169,ID,89210,2002
477602,13606.509,ID,84585,2003
121910,14099.081,ID,84752,2004
128873,14546.119,ID,85413,2005
522191,14726.022,ID,111513,2006
44388,14889.45,ID,89170,2007
145941,14375.018,ID,92258,2008
27535,14604.845,ID,101838,2009
222160,14881.301,ID,89309,2010
954786,15291.035,ID,130241,2011
88719,15491.878,ID,104109,2012
23031,15757.57,ID,80845,2013
346918,16349.97,ID,85611,2014
289754,16571.573,ID,81603,2015
58120,11321.246,IL,992,1997
227508,11864.675,IL,1404,1998
26542,12359.095,IL,1453,1999
152630,12643.283,IL,1467,2000
38605,12822.258,IL,1488,2001
212195,13031.169,IL,1311,2002
87979,13606.509,IL,1402,2003
1669677,14099.081,IL,1538,2004
228429,14546.119,IL,1290,2005
211789,14726.022,IL,1719,2006
85221,14889.45,IL,1519,2007
671816,14375.018,IL,1365,2008
380923,14604.845,IL,1331,2009
55358,14881.301,IL,1157,2010
45087,15291.035,IL,1365,2011
612721,15491.878,IL,1058,2012
252205,15757.57,IL,1148,2013
117579,16349.97,IL,1258,2014
109000,16571.573,IL,1160,2015
147894,11321.246,IN,5736,1997
187788,11864.675,IN,4881,1998
48708,12359.095,IN,4162,1999
259585,12643.283,IN,6001,2000
354450,12822.258,IN,5897,2001
419731,13031.169,IN,4184,2002
240628,13606.509,IN,4293,2003
83061,14099.081,IN,4444,2004
235058,14546.119,IN,4382,2005
29949,14726.022,IN,4855,2006
73878,14889.45,IN,4447,2007
105404,14375.018,IN,4304,2008
57503,14604.845,IN,4914,2009
469048,14881.301,IN,4426,2010
71283,15291.035,IN,3972,2011
1053325,15491.878,IN,4125,2012
353393,15757.57,IN,3692,2013
24182,16349.97,IN,3530,2014
488461,16571.573,IN,3553,2015
123221,11321.246,KS,142,1997
132346,11864.675,KS,117,1998
527231,12359.095,KS,126,1999
45881,12643.283,KS,156,2000
149281,12822.258,KS,264,2001
30448,13031.169,KS,130,2002
229019,13606.509,KS,126,2003
968721,14099.081,KS,126,2004
90119,14546.119,KS,113,2005
23719,14726.022,KS,96,2006
349495,14889.45,KS,104,2007
295688,14375.018,KS,104,2008
58687,14604.845,KS,125,2009
232477,14881.301,KS,129,2010
26961,15291.035,KS,143,2011
156970,15491.878,KS,99,2012
38262,15757.57,KS,139,2013
224650,16349.97,KS,154,2014
91767,16571.573,KS,177,2015
1745049,11321.246,KY,34522,1997
229800,11864.675,KY,31774,1998
214003,12359.095,KY,26144,1999
86767,12643.283,KY,23713,2000
696876,12822.258,KY,39839,2001
391928,13031.169,KY,40944,2002
58100,13606.509,KY,39974,2003
46401,14099.081,KY,37863,2004
621458,14546.119,KY,29609,2005
260871,14726.022,KY,25707,2006
122580,14889.45,KY,16492,2007
111492,14375.018,KY,18895,2008
151226,14604.845,KY,32380,2009
195646,14881.301,KY,25173,2010
49825,15291.035,KY,28850,2011
266410,15491.878,KY,22475,2012
362104,15757.57,KY,31249,2013
427565,16349.97,KY,29895,2014
251512,16571.573,KY,31717,2015
86448,11321.246,LA,10580,1997
240041,11864.675,LA,10838,1998
31128,12359.095,LA,8199,1999
78072,12643.283,LA,5430,2000
110803,12822.258,LA,7566,2001
59667,13031.169,LA,9069,2002
480793,13606.509,LA,9031,2003
74311,14099.081,LA,11006,2004
1049993,14546.119,LA,8109,2005
361078,14726.022,LA,7074,2006
25689,14889.45,LA,8171,2007
496785,14375.018,LA,10488,2008
125407,14604.845,LA,12067,2009
137886,14881.301,LA,10817,2010
538948,15291.035,LA,10144,2011
47809,15491.878,LA,6470,2012
154734,15757.57,LA,9966,2013
31244,16349.97,LA,10366,2014
236620,16571.573,LA,9310,2015
976634,11321.246,MA,10537,1997
92268,11864.675,MA,10500,1998
24644,12359.095,MA,9966,1999
362386,12643.283,MA,10866,2000
300010,12822.258,MA,7259,2001
58711,13031.169,MA,8902,2002
238716,13606.509,MA,10886,2003
27655,14099.081,MA,9999,2004
166286,14546.119,MA,10418,2005
39648,14726.022,MA,15004,2006
232105,14889.45,MA,7882,2007
96064,14375.018,MA,11389,2008
1832792,14604.845,MA,11723,2009
229129,14881.301,MA,9720,2010
227364,15291.035,MA,11161,2011
90878,15491.878,MA,8683,2012
726845,15757.57,MA,9460,2013
408639,16349.97,MA,8579,2014
61606,16571.573,MA,7709,2015
48247,11321.246,MD,16222,1997
635518,11864.675,MD,17740,1998
268914,12359.095,MD,14564,1999
131746,12643.283,MD,17674,2000
111419,12822.258,MD,12229,2001
155326,13031.169,MD,16897,2002
203511,13606.509,MD,26801,2003
51351,14099.081,MD,25115,2004
280380,14546.119,MD,17035,2005
369983,14726.022,MD,20872,2006
426182,14889.45,MD,16331,2007
260777,14375.018,MD,19453,2008
88142,14604.845,MD,18434,2009
245100,14881.301,MD,16267,2010
32429,15291.035,MD,24748,2011
79575,15491.878,MD,15764,2012
122731,15757.57,MD,16477,2013
61244,16349.97,MD,15364,2014
485791,16571.573,MD,15127,2015
79119,11321.246,ME,37256,1997
1078573,11864.675,ME,37892,1998
375195,12359.095,ME,38408,1999
25852,12643.283,ME,36630,2000
508865,12822.258,ME,27332,2001
129144,13031.169,ME,28157,2002
150617,13606.509,ME,32123,2003
553326,14099.081,ME,34357,2004
49763,14546.119,ME,40905,2005
156328,14726.022,ME,42435,2006
32392,14889.45,ME,36948,2007
246938,14375.018,ME,43923,2008
1023202,14604.845,ME,41106,2009
96277,14881.301,ME,37174,2010
25519,15291.035,ME,38660,2011
376770,15491.878,ME,35519,2012
305266,15757.57,ME,33970,2013
59692,16349.97,ME,34457,2014
245125,16571.573,ME,31317,2015
28433,11321.246,MI,17489,1997
171723,11864.675,MI,14246,1998
40767,12359.095,MI,14913,1999
251185,12643.283,MI,14564,2000
99144,12822.258,MI,16139,2001
1910337,13031.169,MI,16981,2002
238417,13606.509,MI,14031,2003
231573,14099.081,MI,15420,2004
92500,14546.119,MI,14616,2005
773024,14726.022,MI,15080,2006
424964,14889.45,MI,12553,2007
64824,14375.018,MI,13445,2008
51266,14604.845,MI,13390,2009
646092,14881.301,MI,12200,2010
268886,15291.035,MI,13188,2011
135042,15491.878,MI,11484,2012
114578,15757.57,MI,13539,2013
159800,16349.97,MI,15216,2014
215120,16571.573,MI,13971,2015
51381,11321.246,MN,10567,1997
290581,11864.675,MN,9734,1998
376358,12359.095,MN,12056,1999
431383,12643.283,MN,9501,2000
267476,12822.258,MN,8593,2001
89539,13031.169,MN,8231,2002
247860,13606.509,MN,8248,2003
33957,14099.081,MN,7395,2004
81139,14546.119,MN,7747,2005
133258,14726.022,MN,5671,2006
62791,14889.45,MN,6462,2007
491152,14375.018,MN,7164,2008
79596,14604.845,MN,7897,2009
1119304,14881.301,MN,8199,2010
392112,15291.035,MN,7250,2011
26666,15491.878,MN,5339,2012
512223,15757.57,MN,4877,2013
133649,16349.97,MN,5216,2014
153771,16571.573,MN,7912,2015
560689,11321.246,MO,16272,1997
50380,11864.675,MO,23928,1998
159689,12359.095,MO,18949,1999
33162,12643.283,MO,6120,2000
250834,12822.258,MO,11409,2001
1047014,13031.169,MO,13804,2002
102382,13606.509,MO,6606,2003
25835,14099.081,MO,14823,2004
396319,14546.119,MO,11592,2005
325105,14726.022,MO,1976,2006
61219,14889.45,MO,11904,2007
250305,14375.018,MO,20169,2008
29637,14604.845,MO,17731,2009
174675,14881.301,MO,15018,2010
43455,15291.035,MO,11515,2011
265798,15491.878,MO,6797,2012
101028,15757.57,MO,10843,2013
1975457,16349.97,MO,6632,2014
243172,16571.573,MO,14864,2015
237280,11321.246,MS,0,1997
93801,11864.675,MS,0,1998
797997,12359.095,MS,0,1999
430438,12643.283,MS,0,2000
66313,12822.258,MS,0,2001
54240,13031.169,MS,0,2002
663632,13606.509,MS,0,2003
274074,14099.081,MS,0,2004
136928,14546.119,MS,0,2005
120445,14726.022,MS,0,2006
163941,14889.45,MS,0,2007
211535,14375.018,MS,0,2008
52002,14604.845,MS,0,2009
296547,14881.301,MS,0,2010
382718,15291.035,MS,0,2011
423582,15491.878,MS,0,2012
266429,15757.57,MS,0,2013
91544,16349.97,MS,0,2014
250021,16571.573,MS,0,2015
35030,11321.246,MT,136921,1997
83415,11864.675,MT,113370,1998
138235,12359.095,MT,141344,1999
63924,12643.283,MT,98167,2000
499482,12822.258,MT,68337,2001
80852,13031.169,MT,97324,2002
1145537,13606.509,MT,88105,2003
413835,14099.081,MT,88702,2004
27771,14546.119,MT,95864,2005
511281,14726.022,MT,100481,2006
141576,14889.45,MT,92557,2007
167952,14375.018,MT,98536,2008
563253,14604.845,MT,92778,2009
51304,14881.301,MT,91849,2010
162660,15291.035,MT,122382,2011
33533,15491.878,MT,107373,2012
256809,15757.57,MT,91959,2013
1111803,16349.97,MT,109201,2014
111133,16571.573,MT,92144,2015
26008,11321.246,NC,57457,1997
405682,11864.675,NC,58512,1998
337015,12359.095,NC,37674,1999
62165,12643.283,NC,32009,2000
253867,12822.258,NC,26821,2001
33152,13031.169,NC,35525,2002
175332,13606.509,NC,72910,2003
45735,14099.081,NC,54439,2004
272417,14546.119,NC,53960,2005
100287,14726.022,NC,38079,2006
1999340,14889.45,NC,29495,2007
250252,14375.018,NC,29894,2008
247248,14604.845,NC,50471,2009
96309,14881.301,NC,46405,2010
799113,15291.035,NC,37828,2011
433595,15491.878,NC,35475,2012
67421,15757.57,NC,65838,2013
55810,16349.97,NC,45230,2014
671051,16571.573,NC,44191,2015
281626,11321.246,ND,33903,1997
142475,11864.675,ND,23412,1998
126143,12359.095,ND,26681,1999
162430,12643.283,ND,21652,2000
205120,12822.258,ND,13764,2001
51683,13031.169,ND,16202,2002
297630,13606.509,ND,17455,2003
392035,14099.081,ND,15483,2004
419302,14546.119,ND,13417,2005
267393,14726.022,ND,15087,2006
93828,14889.45,ND,12903,2007
250581,14375.018,ND,12345,2008
36720,14604.845,ND,14398,2009
84714,14881.301,ND,19923,2010
137385,15291.035,ND,25068,2011
63814,15491.878,ND,23573,2012
502104,15757.57,ND,17674,2013
80984,16349.97,ND,24073,2014
1148293,16571.573,ND,19516,2015
414323,11321.246,NE,17080,1997
28976,11864.675,NE,17160,1998
510613,12359.095,NE,17579,1999
144343,12643.283,NE,15309,2000
173109,12822.258,NE,11616,2001
582088,13031.169,NE,11165,2002
49838,13606.509,NE,9924,2003
167649,14099.081,NE,9145,2004
34845,14546.119,NE,8714,2005
254269,14726.022,NE,8861,2006
1166680,14889.45,NE,3434,2007
117659,14375.018,NE,3414,2008
25857,14604.845,NE,4233,2009
408148,14881.301,NE,12818,2010
357635,15291.035,NE,15713,2011
62160,15491.878,NE,11962,2012
255091,15757.57,NE,10723,2013
35019,16349.97,NE,11010,2014
174459,16571.573,NE,15702,2015
46422,11321.246,NH,16561,1997
262521,11864.675,NH,16282,1998
100485,12359.095,NH,14432,1999
1993244,12643.283,NH,14559,2000
252558,12822.258,NH,10236,2001
243856,13031.169,NH,11607,2002
99039,13606.509,NH,13479,2003
764086,14099.081,NH,13179,2004
420483,14546.119,NH,17987,2005
67721,14726.022,NH,15165,2006
56296,14889.45,NH,12506,2007
655275,14375.018,NH,16094,2008
279574,14604.845,NH,16402,2009
140017,14881.301,NH,14415,2010
129313,15291.035,NH,15592,2011
162481,15491.878,NH,11869,2012
206601,15757.57,NH,13617,2013
51236,16349.97,NH,13137,2014
300601,16571.573,NH,11837,2015
392817,11321.246,NJ,188,1997
396515,11864.675,NJ,211,1998
268824,12359.095,NJ,177,1999
97655,12643.283,NJ,143,2000
255426,12822.258,NJ,186,2001
36749,13031.169,NJ,122,2002
85813,13606.509,NJ,394,2003
130787,14099.081,NJ,376,2004
62956,14546.119,NJ,311,2005
503365,14726.022,NJ,351,2006
82853,14889.45,NJ,207,2007
1124539,14375.018,NJ,254,2008
424200,14604.845,NJ,313,2009
31812,14881.301,NJ,177,2010
501477,15291.035,NJ,237,2011
146936,15491.878,NJ,102,2012
182813,15757.57,NJ,174,2013
591039,16349.97,NJ,164,2014
48262,16571.573,NJ,89,2015
166820,11321.246,NM,2643,1997
36373,11864.675,NM,2411,1998
255826,12359.095,NM,2482,1999
1173697,12643.283,NM,2256,2000
115509,12822.258,NM,2452,2001
26067,13031.169,NM,2692,2002
407227,13606.509,NM,1728,2003
360521,14099.081,NM,1392,2004
63821,14546.119,NM,1650,2005
251711,14726.022,NM,1966,2006
37776,14889.45,NM,2649,2007
168315,14375.018,NM,3077,2008
50463,14604.845,NM,2645,2009
242509,14881.301,NM,2117,2010
98020,15291.035,NM,1892,2011
1912115,15491.878,NM,2120,2012
247270,15757.57,NM,876,2013
233562,16349.97,NM,936,2014
98415,16571.573,NM,927,2015
721755,11321.246,NV,26421,1997
404575,11864.675,NV,32287,1998
65382,12359.095,NV,28916,1999
53882,12643.283,NV,24783,2000
638032,12822.258,NV,25974,2001
262068,13031.169,NV,23068,2002
137069,13606.509,NV,17787,2003
123986,14099.081,NV,16177,2004
156319,14546.119,NV,17022,2005
210879,14726.022,NV,20410,2006
50405,14889.45,NV,19800,2007
300929,14375.018,NV,17251,2008
385698,14604.845,NV,24015,2009
363146,14881.301,NV,21047,2010
258166,15291.035,NV,21284,2011
93669,15491.878,NV,23223,2012
250436,15757.57,NV,25588,2013
36079,16349.97,NV,22719,2014
86961,16571.573,NV,21099,2015
120202,11321.246,NY,312702,1997
62205,11864.675,NY,298933,1998
482143,12359.095,NY,253117,1999
82838,12643.283,NY,254103,2000
1148407,12822.258,NY,238527,2001
407846,13031.169,NY,254812,2002
32489,13606.509,NY,245720,2003
479526,14099.081,NY,240280,2004
143648,14546.119,NY,257799,2005
181022,14726.022,NY,271232,2006
573964,14889.45,NY,249596,2007
47709,14375.018,NY,263330,2008
160439,14604.845,NY,269523,2009
36687,14881.301,NY,248502,2010
246541,15291.035,NY,272019,2011
1166516,15491.878,NY,234593,2012
113194,15757.57,NY,238270,2013
25527,16349.97,NY,248086,2014
407302,16571.573,NY,242429,2015
348465,11321.246,OH,5182,1997
63866,11864.675,OH,4144,1998
244995,12359.095,OH,4326,1999
37129,12643.283,OH,5948,2000
171861,12822.258,OH,5278,2001
49671,13031.169,OH,4968,2002
243101,13606.509,OH,5172,2003
101309,14099.081,OH,7310,2004
1936487,14546.119,OH,5157,2005
248667,14726.022,OH,6268,2006
232357,14889.45,OH,4057,2007
101689,14375.018,OH,3808,2008
727658,14604.845,OH,5151,2009
408248,14881.301,OH,4186,2010
67403,15291.035,OH,3728,2011
54389,15491.878,OH,3941,2012
645983,15757.57,OH,5240,2013
279068,16349.97,OH,4546,2014
139979,16571.573,OH,4256,2015
126485,11321.246,OK,29834,1997
163417,11864.675,OK,35779,1998
220884,12359.095,OK,32472,1999
50921,12643.283,OK,23227,2000
310702,12822.258,OK,24228,2001
399239,13031.169,OK,20222,2002
382885,13606.509,OK,18209,2003
266346,14099.081,OK,29814,2004
94124,14546.119,OK,26301,2005
253059,14726.022,OK,6185,2006
37380,14889.45,OK,30303,2007
90713,14375.018,OK,37556,2008
120537,14604.845,OK,34673,2009
63721,14881.301,OK,27403,2010
484410,15291.035,OK,14641,2011
83203,15491.878,OK,10901,2012
1188749,15757.57,OK,20781,2013
412377,16349.97,OK,13585,2014
35200,16571.573,OK,24825,2015
492419,11321.246,OR,476985,1997
144003,11864.675,OR,406882,1998
190371,12359.095,OR,466705,1999
589684,12643.283,OR,388818,2000
48803,12822.258,OR,295984,2001
162840,13031.169,OR,350085,2002
37228,13606.509,OR,336660,2003
250261,14099.081,OR,331337,2004
1197006,14546.119,OR,309453,2005
115177,14726.022,OR,375437,2006
26398,14889.45,OR,331978,2007
416903,14375.018,OR,333115,2008
355228,14604.845,OR,322407,2009
65581,14881.301,OR,297970,2010
251086,15291.035,OR,411131,2011
36469,15491.878,OR,375027,2012
173760,15757.57,OR,315785,2013
51004,16349.97,OR,335341,2014
247414,16571.573,OR,291255,2015
103312,11321.246,PA,22970,1997
1962926,11864.675,PA,24283,1998
252256,12359.095,PA,19906,1999
228454,12643.283,PA,23363,2000
103539,12822.258,PA,17049,2001
723317,13031.169,PA,22488,2002
413457,13606.509,PA,33881,2003
67971,14099.081,PA,31604,2004
54288,14546.119,PA,22320,2005
658411,14726.022,PA,28211,2006
280588,14889.45,PA,22100,2007
142603,14375.018,PA,25116,2008
130493,14604.845,PA,26185,2009
165712,14881.301,PA,22753,2010
209151,15291.035,PA,31258,2011
50180,15491.878,PA,21334,2012
316774,15757.57,PA,24088,2013
408409,16349.97,PA,25117,2014
392653,16571.573,PA,24264,2015
272105,11321.246,RI,77,1997
92821,11864.675,RI,88,1998
250034,12359.095,RI,62,1999
38458,12643.283,RI,50,2000
94619,12822.258,RI,32,2001
121118,13031.169,RI,37,2002
63952,13606.509,RI,61,2003
480101,14099.081,RI,55,2004
83457,14546.119,RI,67,2005
1194300,14726.022,RI,59,2006
417143,14889.45,RI,43,2007
39117,14375.018,RI,49,2008
510190,14604.845,RI,46,2009
151302,14881.301,RI,36,2010
198298,15291.035,RI,72,2011
597346,15491.878,RI,41,2012
48424,15757.57,RI,42,2013
166389,16349.97,RI,38,2014
39548,16571.573,RI,29,2015
257138,11321.246,SC,30212,1997
1240117,11864.675,SC,36397,1998
118254,12359.095,SC,17255,1999
27027,12643.283,SC,15643,2000
419724,12822.258,SC,12663,2001
358185,13031.169,SC,14138,2002
66935,13606.509,SC,37112,2003
256396,14099.081,SC,24508,2004
36326,14546.119,SC,29379,2005
175420,14726.022,SC,17923,2006
53719,14889.45,SC,15379,2007
252545,14375.018,SC,11067,2008
103170,14604.845,SC,22760,2009
2013611,14881.301,SC,23185,2010
257622,15291.035,SC,15100,2011
228212,15491.878,SC,13515,2012
103733,15757.57,SC,30152,2013
729372,16349.97,SC,24432,2014
418312,16571.573,SC,23897,2015
68913,11321.246,SD,92042,1997
54411,11864.675,SD,58710,1998
671493,12359.095,SD,68282,1999
281540,12643.283,SD,58304,2000
147665,12822.258,SD,35461,2001
131320,13031.169,SD,44290,2002
166852,13606.509,SD,43298,2003
209373,14099.081,SD,36033,2004
50106,14546.119,SD,30743,2005
318146,14726.022,SD,33693,2006
415832,14889.45,SD,28834,2007
400063,14375.018,SD,29494,2008
275859,14604.845,SD,43261,2009
94880,14881.301,SD,51110,2010
252620,15291.035,SD,64205,2011
38737,15491.878,SD,56915,2012
93957,15757.57,SD,38761,2013
119411,16349.97,SD,52288,2014
64278,16571.573,SD,45202,2015
489453,11321.246,TN,112731,1997
83547,11864.675,TN,110189,1998
1231862,12359.095,TN,79783,1999
415761,12643.283,TN,65248,2000
47816,12822.258,TN,71778,2001
518583,13031.169,TN,81116,2002
159785,13606.509,TN,121537,2003
192598,14099.081,TN,104248,2004
607172,14546.119,TN,93086,2005
48631,14726.022,TN,76859,2006
166858,14889.45,TN,48823,2007
39189,14375.018,TN,55636,2008
265211,14604.845,TN,99669,2009
1310522,14881.301,TN,79392,2010
119739,15291.035,TN,93037,2011
26963,15491.878,TN,78942,2012
422269,15757.57,TN,118721,2013
368474,16349.97,TN,84645,2014
65925,16571.573,TN,89288,2015
259863,11321.246,TX,18289,1997
35054,11864.675,TX,14529,1998
177049,12359.095,TX,11455,1999
51361,12643.283,TX,8456,2000
253743,12822.258,TX,12403,2001
106112,13031.169,TX,11429,2002
2064534,13606.509,TX,9077,2003
265880,14099.081,TX,13027,2004
224931,14546.119,TX,13324,2005
103540,14726.022,TX,6566,2006
744576,14889.45,TX,16254,2007
424360,14375.018,TX,10243,2008
69676,14604.845,TX,10040,2009
56014,14881.301,TX,12310,2010
669261,15291.035,TX,5471,2011
288157,15491.878,TX,5562,2012
148419,15757.57,TX,4580,2013
131536,16349.97,TX,3670,2014
168306,16571.573,TX,8913,2015
202289,11321.246,UT,13728,1997
49810,11864.675,UT,13406,1998
318888,12359.095,UT,12835,1999
415030,12643.283,UT,7611,2000
405793,12822.258,UT,5253,2001
281759,13031.169,UT,4657,2002
95465,13606.509,UT,4266,2003
256738,14099.081,UT,4506,2004
39026,14546.119,UT,7844,2005
96352,14726.022,UT,7407,2006
120027,14889.45,UT,5325,2007
64641,14375.018,UT,6583,2008
496128,14604.845,UT,8152,2009
82696,14881.301,UT,6785,2010
1228488,15291.035,UT,11952,2011
422644,15491.878,UT,7116,2012
48981,15757.57,UT,4818,2013
523587,16349.97,UT,6018,2014
166762,16571.573,UT,7164,2015
188806,11321.246,VA,10420,1997
617053,11864.675,VA,13086,1998
48815,12359.095,VA,6971,1999
170217,12643.283,VA,7263,2000
39601,12822.258,VA,10480,2001
269453,13031.169,VA,8832,2002
1377100,13606.509,VA,18038,2003
122685,14099.081,VA,15856,2004
26913,14546.119,VA,14842,2005
422275,14726.022,VA,13402,2006
377393,14889.45,VA,12338,2007
66261,14375.018,VA,9962,2008
263282,14604.845,VA,14431,2009
35410,14881.301,VA,14636,2010
176559,15291.035,VA,11760,2011
49498,15491.878,VA,9933,2012
258384,15757.57,VA,11961,2013
107621,16349.97,VA,9084,2014
2150580,16571.573,VA,10795,2015
278523,11321.246,VT,10902,1997
223311,11864.675,VT,12176,1998
105273,12359.095,VT,12227,1999
765249,12643.283,VT,12456,2000
438440,12822.258,VT,9137,2001
70415,13031.169,VT,11342,2002
57341,13606.509,VT,11685,2003
681546,14099.081,VT,11892,2004
295364,14546.119,VT,12107,2005
154052,14726.022,VT,15064,2006
134151,14889.45,VT,6391,2007
169171,14375.018,VT,14711,2008
206611,14604.845,VT,14502,2009
50641,14881.301,VT,13140,2010
322879,15291.035,VT,13843,2011
422350,15491.878,VT,10956,2012
412155,15757.57,VT,12269,2013
289587,16349.97,VT,11177,2014
94599,16571.573,VT,10619,2015
257488,11321.246,WA,1063894,1997
40070,11864.675,WA,813870,1998
99891,12359.095,WA,991813,1999
122010,12643.283,WA,818762,2000
65831,12822.258,WA,565565,2001
496920,13031.169,WA,795189,2002
85016,13606.509,WA,726537,2003
1249602,14099.081,WA,716902,2004
431566,14546.119,WA,720674,2005
52522,14726.022,WA,813434,2006
541014,14889.45,WA,779148,2007
176092,14375.018,WA,765033,2008
192330,14604.845,WA,711823,2009
629469,14881.301,WA,666221,2010
49269,15291.035,WA,892101,2011
175277,15491.878,WA,851343,2012
39963,15757.57,WA,745678,2013
274060,16349.97,WA,755695,2014
1424694,16571.573,WA,684060,2015
126926,11321.246,WI,25362,1997
27036,11864.675,WI,17818,1998
423182,12359.095,WI,20294,1999
389372,12643.283,WI,20255,2000
66655,12822.258,WI,21247,2001
267318,13031.169,WI,25585,2002
35544,13606.509,WI,18663,2003
179161,14099.081,WI,19838,2004
49649,14546.119,WI,17400,2005
263475,14726.022,WI,16650,2006
108209,14889.45,WI,14985,2007
2245876,14375.018,WI,15925,2008
288015,14604.845,WI,13605,2009
227502,14881.301,WI,20603,2010
107181,15291.035,WI,20859,2011
795408,15491.878,WI,14562,2012
451827,15757.57,WI,18880,2013
72675,16349.97,WI,23507,2014
59068,16571.573,WI,21813,2015
689832,11321.246,WV,11630,1997
297657,11864.675,WV,11077,1998
160175,12359.095,WV,9513,1999
135621,12643.283,WV,11740,2000
170832,12822.258,WV,9836,2001
207783,13031.169,WV,10842,2002
51070,13606.509,WV,13730,2003
329175,14099.081,WV,13204,2004
438208,14546.119,WV,14474,2005
424257,14726.022,WV,15597,2006
294044,14889.45,WV,12398,2007
94762,14375.018,WV,12298,2008
261247,14604.845,WV,16064,2009
40999,14881.301,WV,13340,2010
101996,15291.035,WV,14118,2011
126318,15491.878,WV,13622,2012
67544,15757.57,WV,16590,2013
502536,16349.97,WV,11811,2014
86353,16571.573,WV,12907,2015
1275126,11321.246,WY,14101,1997
443278,11864.675,WY,13688,1998
51186,12359.095,WY,11967,1999
547136,12643.283,WY,10314,2000
181486,12822.258,WY,9084,2001
201467,13031.169,WY,5937,2002
644159,13606.509,WY,6010,2003
50184,14099.081,WY,5941,2004
180703,14546.119,WY,8083,2005
41089,14726.022,WY,8365,2006
282287,14889.45,WY,7210,2007
1484881,14375.018,WY,8231,2008
132109,14604.845,WY,9434,2009
27279,14881.301,WY,9989,2010
432332,15291.035,WY,11890,2011
403888,15491.878,WY,8502,2012
67126,15757.57,WY,6782,2013
272968,16349.97,WY,8261,2014
35768,16571.573,WY,8091,2015
